miner_id,job_id,model_id,topic,if_contains_topic_in_s3_result,s3_url
0xcc116cb9fc3afe9f3a3704eeca4233a31a978e30,heurist-llm-315653616193,openhermes-mixtral-8x7b-gptq,Eminem,False,s3://validator-history/0xcc116cb9fc3afe9f3a3704eeca4233a31a978e30/openhermes-mixtral-8x7b-gptq/heurist-llm-315653616193-2024-05-23T08:03:38.986Z.json
0xec92b9871165d586dd46d561da69611e9dd8f513,heurist-llm-882495433354,openhermes-mixtral-8x7b-gptq,Eminem,False,s3://validator-history/0xec92b9871165d586dd46d561da69611e9dd8f513/openhermes-mixtral-8x7b-gptq/heurist-llm-882495433354-2024-05-23T08:05:00.897Z.json
0x4aa20d99c4b780b3343078fc7d7320eb52ebdb5a,heurist-llm-987206391186,openhermes-mixtral-8x7b-gptq,Eminem,False,s3://validator-history/0x4aa20d99c4b780b3343078fc7d7320eb52ebdb5a/openhermes-mixtral-8x7b-gptq/heurist-llm-987206391186-2024-05-23T08:13:14.566Z.json
0x02a150b41ca94c6b601aa1f759a41422cd949696,heurist-llm-988951914175,openhermes-mixtral-8x7b-gptq,Eminem,False,s3://validator-history/0x02a150b41ca94c6b601aa1f759a41422cd949696/openhermes-mixtral-8x7b-gptq/heurist-llm-988951914175-2024-05-23T08:13:52.647Z.json
0xbdd1f984d1941b1f3f3fdac4fe684fd4def08e47,heurist-llm-621218704468,openhermes-mixtral-8x7b-gptq,Eminem,False,s3://validator-history/0xbdd1f984d1941b1f3f3fdac4fe684fd4def08e47/openhermes-mixtral-8x7b-gptq/heurist-llm-621218704468-2024-05-23T08:12:51.442Z.json
0x14fb93723f432ffdd5c847bd4d7dbd0638a54288,heurist-llm-743427911570,openhermes-mixtral-8x7b-gptq,Eminem,False,s3://validator-history/0x14fb93723f432ffdd5c847bd4d7dbd0638a54288/openhermes-mixtral-8x7b-gptq/heurist-llm-743427911570-2024-05-23T08:16:34.701Z.json
0x7e10e2737e5961cee13bf119a5291153d671f100,heurist-llm-766152097909,openhermes-mixtral-8x7b-gptq,Eminem,False,s3://validator-history/0x7e10e2737e5961cee13bf119a5291153d671f100/openhermes-mixtral-8x7b-gptq/heurist-llm-766152097909-2024-05-23T08:15:46.483Z.json
0x7ac4bdd5686721bbbbd0d450c978818a9376869a,heurist-llm-530291748258,openhermes-mixtral-8x7b-gptq,Eminem,False,s3://validator-history/0x7ac4bdd5686721bbbbd0d450c978818a9376869a/openhermes-mixtral-8x7b-gptq/heurist-llm-530291748258-2024-05-23T08:19:01.313Z.json
0x6f4bb4294ffa6d4f08d8b10318b3e913d4fdce51,heurist-llm-424639867713,openhermes-mixtral-8x7b-gptq,Eminem,False,s3://validator-history/0x6f4bb4294ffa6d4f08d8b10318b3e913d4fdce51/openhermes-mixtral-8x7b-gptq/heurist-llm-424639867713-2024-05-23T08:21:55.521Z.json
0xffa949caa41a1daeef50a61f67fc556fbac377c7,heurist-llm-478428154729,openhermes-mixtral-8x7b-gptq,Eminem,False,s3://validator-history/0xffa949caa41a1daeef50a61f67fc556fbac377c7/openhermes-mixtral-8x7b-gptq/heurist-llm-478428154729-2024-05-23T08:23:27.402Z.json
0x10a679c284c5f74c717a26e6a3fc0b2944d48f83,heurist-llm-613548677764,openhermes-mixtral-8x7b-gptq,Eminem,False,s3://validator-history/0x10a679c284c5f74c717a26e6a3fc0b2944d48f83/openhermes-mixtral-8x7b-gptq/heurist-llm-613548677764-2024-05-23T08:27:16.757Z.json
0x20412dd7da3a3b5860696dd834094512662ed677,heurist-llm-428361592540,openhermes-mixtral-8x7b-gptq,Eminem,False,s3://validator-history/0x20412dd7da3a3b5860696dd834094512662ed677/openhermes-mixtral-8x7b-gptq/heurist-llm-428361592540-2024-05-23T08:27:38.579Z.json
0x5b1a330a83991e80f235880da6f36b1c7e3c5c9f,heurist-llm-647115627646,openhermes-mixtral-8x7b-gptq,Eminem,False,s3://validator-history/0x5b1a330a83991e80f235880da6f36b1c7e3c5c9f/openhermes-mixtral-8x7b-gptq/heurist-llm-647115627646-2024-05-23T08:28:53.538Z.json
0x22bf77fdbdc8961d28408954c3d796d067a9e3ba,heurist-llm-800591953247,openhermes-mixtral-8x7b-gptq,Eminem,False,s3://validator-history/0x22bf77fdbdc8961d28408954c3d796d067a9e3ba/openhermes-mixtral-8x7b-gptq/heurist-llm-800591953247-2024-05-23T08:29:49.948Z.json
0xa782bb5937a2cdb9a3eebf150216b8f5e98e8a3a,heurist-llm-133908302932,openhermes-mixtral-8x7b-gptq,Eminem,False,s3://validator-history/0xa782bb5937a2cdb9a3eebf150216b8f5e98e8a3a/openhermes-mixtral-8x7b-gptq/heurist-llm-133908302932-2024-05-23T08:33:09.668Z.json
0xc9c38fd55486aceecf2499c92e2ad0b633ccfbfe,heurist-llm-277968256298,openhermes-mixtral-8x7b-gptq,Eminem,False,s3://validator-history/0xc9c38fd55486aceecf2499c92e2ad0b633ccfbfe/openhermes-mixtral-8x7b-gptq/heurist-llm-277968256298-2024-05-23T08:36:00.728Z.json
0x4b674da5e20067b8213263720d958b5e7abd7d8c,heurist-llm-714269314338,openhermes-mixtral-8x7b-gptq,Eminem,False,s3://validator-history/0x4b674da5e20067b8213263720d958b5e7abd7d8c/openhermes-mixtral-8x7b-gptq/heurist-llm-714269314338-2024-05-23T08:37:21.023Z.json
0xdcddfdb72af4be4b2270ed29c855f7cf9691d970,heurist-llm-384772628592,openhermes-mixtral-8x7b-gptq,Eminem,False,s3://validator-history/0xdcddfdb72af4be4b2270ed29c855f7cf9691d970/openhermes-mixtral-8x7b-gptq/heurist-llm-384772628592-2024-05-23T08:38:47.091Z.json
0x31c06971ca4749e9437f46d6383e486d07e1ac91,heurist-llm-708270147697,openhermes-mixtral-8x7b-gptq,Eminem,False,s3://validator-history/0x31c06971ca4749e9437f46d6383e486d07e1ac91/openhermes-mixtral-8x7b-gptq/heurist-llm-708270147697-2024-05-23T08:41:34.589Z.json
0xf502a1a4a04a98228d20b6d440deba559dc8b248,heurist-llm-347265469531,openhermes-mixtral-8x7b-gptq,Eminem,False,s3://validator-history/0xf502a1a4a04a98228d20b6d440deba559dc8b248/openhermes-mixtral-8x7b-gptq/heurist-llm-347265469531-2024-05-23T08:43:52.077Z.json
0xc6537948bbca88353b775f723cb7e0a067544955,heurist-llm-776730799625,openhermes-mixtral-8x7b-gptq,Eminem,False,s3://validator-history/0xc6537948bbca88353b775f723cb7e0a067544955/openhermes-mixtral-8x7b-gptq/heurist-llm-776730799625-2024-05-23T08:44:19.735Z.json
0xc748df30f0c5083f23082088ea5009dad3d4a158,heurist-llm-401670666449,openhermes-mixtral-8x7b-gptq,Eminem,False,s3://validator-history/0xc748df30f0c5083f23082088ea5009dad3d4a158/openhermes-mixtral-8x7b-gptq/heurist-llm-401670666449-2024-05-23T08:45:39.094Z.json
0xf845f80df682a071fc133c10cb7fda4bfb9ef381,heurist-llm-376348144503,openhermes-mixtral-8x7b-gptq,Eminem,False,s3://validator-history/0xf845f80df682a071fc133c10cb7fda4bfb9ef381/openhermes-mixtral-8x7b-gptq/heurist-llm-376348144503-2024-05-23T08:49:56.899Z.json
0xb1591dc2fd544465c13d5973fa7580053225e352,heurist-llm-248268095063,openhermes-mixtral-8x7b-gptq,Eminem,False,s3://validator-history/0xb1591dc2fd544465c13d5973fa7580053225e352/openhermes-mixtral-8x7b-gptq/heurist-llm-248268095063-2024-05-23T08:50:30.317Z.json
0xda1cd404501caed13378f1a0b4cb379041951329,heurist-llm-941466474177,openhermes-mixtral-8x7b-gptq,Eminem,False,s3://validator-history/0xda1cd404501caed13378f1a0b4cb379041951329/openhermes-mixtral-8x7b-gptq/heurist-llm-941466474177-2024-05-23T08:54:38.622Z.json
0x28bf6d6c7b47adaf147e7f333d9c32754122d29e,heurist-llm-946181333608,openhermes-mixtral-8x7b-gptq,Eminem,False,s3://validator-history/0x28bf6d6c7b47adaf147e7f333d9c32754122d29e/openhermes-mixtral-8x7b-gptq/heurist-llm-946181333608-2024-05-23T08:59:48.409Z.json
0x711c74e2d5ea708edf3206080e36f218a2673643,heurist-llm-471938148747,openhermes-mixtral-8x7b-gptq,Eminem,False,s3://validator-history/0x711c74e2d5ea708edf3206080e36f218a2673643/openhermes-mixtral-8x7b-gptq/heurist-llm-471938148747-2024-05-23T09:04:27.795Z.json
0x4921710866890f679c262fc7906cfc95886f6b96,heurist-llm-787126834804,openhermes-mixtral-8x7b-gptq,Eminem,False,s3://validator-history/0x4921710866890f679c262fc7906cfc95886f6b96/openhermes-mixtral-8x7b-gptq/heurist-llm-787126834804-2024-05-23T09:11:43.148Z.json
0x5c50a79fe274c6953693b38f0179998a3a377616,heurist-llm-592547322474,openhermes-mixtral-8x7b-gptq,Eminem,False,s3://validator-history/0x5c50a79fe274c6953693b38f0179998a3a377616/openhermes-mixtral-8x7b-gptq/heurist-llm-592547322474-2024-05-23T09:09:55.335Z.json
0xaafabcd97758a8e9a257f807bebdf4dbf6dde699,heurist-llm-819114830311,openhermes-mixtral-8x7b-gptq,Eminem,False,s3://validator-history/0xaafabcd97758a8e9a257f807bebdf4dbf6dde699/openhermes-mixtral-8x7b-gptq/heurist-llm-819114830311-2024-05-23T09:14:21.229Z.json
0x670ce3d0aa5f8d429f2d5aa65888dbbf969c4e08,heurist-llm-970549661769,openhermes-mixtral-8x7b-gptq,Eminem,False,s3://validator-history/0x670ce3d0aa5f8d429f2d5aa65888dbbf969c4e08/openhermes-mixtral-8x7b-gptq/heurist-llm-970549661769-2024-05-23T09:14:48.310Z.json
0xd1d99f4d7dcf68e883dbd95f6cafc682ffe38dbe,heurist-llm-188107749810,openhermes-mixtral-8x7b-gptq,Eminem,False,s3://validator-history/0xd1d99f4d7dcf68e883dbd95f6cafc682ffe38dbe/openhermes-mixtral-8x7b-gptq/heurist-llm-188107749810-2024-05-23T09:15:50.744Z.json
0xeef0f9391f2033e96dd3cbdba2f8e23a6b08e795,heurist-llm-457013212586,openhermes-mixtral-8x7b-gptq,Eminem,False,s3://validator-history/0xeef0f9391f2033e96dd3cbdba2f8e23a6b08e795/openhermes-mixtral-8x7b-gptq/heurist-llm-457013212586-2024-05-23T09:19:36.659Z.json
0x2f013dd3c3b5ea40a8dbb807b332995cd9901802,heurist-llm-487000873237,openhermes-mixtral-8x7b-gptq,Eminem,False,s3://validator-history/0x2f013dd3c3b5ea40a8dbb807b332995cd9901802/openhermes-mixtral-8x7b-gptq/heurist-llm-487000873237-2024-05-23T09:27:36.285Z.json
0x2d2cb8e680feb14467020086666b43cffbdd3cb3,heurist-llm-515276421621,openhermes-mixtral-8x7b-gptq,Eminem,False,s3://validator-history/0x2d2cb8e680feb14467020086666b43cffbdd3cb3/openhermes-mixtral-8x7b-gptq/heurist-llm-515276421621-2024-05-23T09:27:25.286Z.json
0xad7101b5b5c63294523e3d95c5514a7ae11469cb,heurist-llm-474067109820,openhermes-mixtral-8x7b-gptq,Eminem,False,s3://validator-history/0xad7101b5b5c63294523e3d95c5514a7ae11469cb/openhermes-mixtral-8x7b-gptq/heurist-llm-474067109820-2024-05-23T09:26:58.268Z.json
0xd4afcf9a43e3faf4ac7e656b81565182275e2e35,heurist-llm-536623876470,openhermes-mixtral-8x7b-gptq,Eminem,False,s3://validator-history/0xd4afcf9a43e3faf4ac7e656b81565182275e2e35/openhermes-mixtral-8x7b-gptq/heurist-llm-536623876470-2024-05-23T09:29:47.320Z.json
0x0022afa131c4290087dda71d1e53ea851736b6f2,heurist-llm-334475132173,openhermes-mixtral-8x7b-gptq,Eminem,False,s3://validator-history/0x0022afa131c4290087dda71d1e53ea851736b6f2/openhermes-mixtral-8x7b-gptq/heurist-llm-334475132173-2024-05-23T09:31:06.854Z.json
0xa4b9db9953d43d47ebb855cc6b293618c1f94bc0,heurist-llm-959367728294,openhermes-mixtral-8x7b-gptq,Eminem,False,s3://validator-history/0xa4b9db9953d43d47ebb855cc6b293618c1f94bc0/openhermes-mixtral-8x7b-gptq/heurist-llm-959367728294-2024-05-23T09:33:42.657Z.json
0x9e53c803f72286f396b353fd6c060b8ad500cc46,heurist-llm-687935931020,openhermes-mixtral-8x7b-gptq,Eminem,False,s3://validator-history/0x9e53c803f72286f396b353fd6c060b8ad500cc46/openhermes-mixtral-8x7b-gptq/heurist-llm-687935931020-2024-05-23T09:35:17.057Z.json
0xe1ab873dd689938852bbc9ba6aa77eb31e9e19fb,heurist-llm-742550222881,openhermes-mixtral-8x7b-gptq,Eminem,False,s3://validator-history/0xe1ab873dd689938852bbc9ba6aa77eb31e9e19fb/openhermes-mixtral-8x7b-gptq/heurist-llm-742550222881-2024-05-23T09:36:10.103Z.json
0x1b3b5e379a92effedec585dc1f7ee33f05be82c3,heurist-llm-361481646127,openhermes-mixtral-8x7b-gptq,Eminem,False,s3://validator-history/0x1b3b5e379a92effedec585dc1f7ee33f05be82c3/openhermes-mixtral-8x7b-gptq/heurist-llm-361481646127-2024-05-23T09:39:23.035Z.json
0x64c855cd68194bfa6f93b22f2d7a6c6f151ee74e,heurist-llm-391453299924,openhermes-mixtral-8x7b-gptq,Eminem,False,s3://validator-history/0x64c855cd68194bfa6f93b22f2d7a6c6f151ee74e/openhermes-mixtral-8x7b-gptq/heurist-llm-391453299924-2024-05-23T09:39:55.081Z.json
0x5495644f23884cb96d915e1903d53d3c992f357d,heurist-llm-578051058197,openhermes-mixtral-8x7b-gptq,Eminem,False,s3://validator-history/0x5495644f23884cb96d915e1903d53d3c992f357d/openhermes-mixtral-8x7b-gptq/heurist-llm-578051058197-2024-05-23T09:44:51.290Z.json
0x9fb10501145078b25f75dfced7afedbca004df3d,heurist-llm-326104621385,openhermes-mixtral-8x7b-gptq,Eminem,False,s3://validator-history/0x9fb10501145078b25f75dfced7afedbca004df3d/openhermes-mixtral-8x7b-gptq/heurist-llm-326104621385-2024-05-23T09:44:57.529Z.json
0xf4e2160ef8662bc573ead45704e4b0ffec1ef657,heurist-llm-750766717405,openhermes-mixtral-8x7b-gptq,Eminem,False,s3://validator-history/0xf4e2160ef8662bc573ead45704e4b0ffec1ef657/openhermes-mixtral-8x7b-gptq/heurist-llm-750766717405-2024-05-23T09:48:55.228Z.json
0xcd86db0782c8dc3c9eee16fd454b129144369988,heurist-llm-920378672794,openhermes-mixtral-8x7b-gptq,Eminem,False,s3://validator-history/0xcd86db0782c8dc3c9eee16fd454b129144369988/openhermes-mixtral-8x7b-gptq/heurist-llm-920378672794-2024-05-23T09:52:35.266Z.json
0x95cd4d9e1e0b03b63be02236474046be01ef78bb,heurist-llm-918189342721,openhermes-mixtral-8x7b-gptq,Eminem,False,s3://validator-history/0x95cd4d9e1e0b03b63be02236474046be01ef78bb/openhermes-mixtral-8x7b-gptq/heurist-llm-918189342721-2024-05-23T09:55:05.316Z.json
0x9fd4e6cb75d0feb27d4e949fc502446a92af0480,heurist-llm-427931235148,openhermes-mixtral-8x7b-gptq,Eminem,False,s3://validator-history/0x9fd4e6cb75d0feb27d4e949fc502446a92af0480/openhermes-mixtral-8x7b-gptq/heurist-llm-427931235148-2024-05-23T10:05:07.386Z.json
0x25447dd18e21674d4ccdcaea56cebff6162a1ec4,heurist-llm-584198871268,openhermes-mixtral-8x7b-gptq,Eminem,False,s3://validator-history/0x25447dd18e21674d4ccdcaea56cebff6162a1ec4/openhermes-mixtral-8x7b-gptq/heurist-llm-584198871268-2024-05-23T10:08:32.351Z.json
0x0eee8cd17231d0454a70935dc534aeb0ca942dde,heurist-llm-199005810995,openhermes-mixtral-8x7b-gptq,Eminem,False,s3://validator-history/0x0eee8cd17231d0454a70935dc534aeb0ca942dde/openhermes-mixtral-8x7b-gptq/heurist-llm-199005810995-2024-05-23T10:12:45.187Z.json
0x4c72cea8d07693d4cc9f28232c5b5ace17e86d08,heurist-llm-621211146115,openhermes-mixtral-8x7b-gptq,Eminem,False,s3://validator-history/0x4c72cea8d07693d4cc9f28232c5b5ace17e86d08/openhermes-mixtral-8x7b-gptq/heurist-llm-621211146115-2024-05-23T10:16:18.497Z.json
0x05933840c1240cc8f3fd4ddc02e3413329dc4f3c,heurist-llm-165510001232,openhermes-mixtral-8x7b-gptq,Eminem,False,s3://validator-history/0x05933840c1240cc8f3fd4ddc02e3413329dc4f3c/openhermes-mixtral-8x7b-gptq/heurist-llm-165510001232-2024-05-23T10:18:12.138Z.json
0x36d178c4316a565ac3ff7a4e4a20069eebb50461,heurist-llm-430798442477,openhermes-mixtral-8x7b-gptq,Eminem,False,s3://validator-history/0x36d178c4316a565ac3ff7a4e4a20069eebb50461/openhermes-mixtral-8x7b-gptq/heurist-llm-430798442477-2024-05-23T10:18:56.741Z.json
0x775587d615382830a11023b19bd4ef042bd0143a,heurist-llm-622901443256,openhermes-mixtral-8x7b-gptq,Eminem,False,s3://validator-history/0x775587d615382830a11023b19bd4ef042bd0143a/openhermes-mixtral-8x7b-gptq/heurist-llm-622901443256-2024-05-23T10:20:29.197Z.json
0xfbe7c3684fc8f2cb8077fd686fe6590dacbe5ed9,heurist-llm-554371437930,openhermes-mixtral-8x7b-gptq,Eminem,False,s3://validator-history/0xfbe7c3684fc8f2cb8077fd686fe6590dacbe5ed9/openhermes-mixtral-8x7b-gptq/heurist-llm-554371437930-2024-05-23T10:22:32.054Z.json
0x5bc3618864c5af48db4d30c15b989a520a9ddfb7,heurist-llm-275816602882,openhermes-mixtral-8x7b-gptq,Eminem,False,s3://validator-history/0x5bc3618864c5af48db4d30c15b989a520a9ddfb7/openhermes-mixtral-8x7b-gptq/heurist-llm-275816602882-2024-05-26T20:27:32.955Z.json
0xe59e60e48449a22253b486d3aca10ca264222f68,heurist-llm-138875077385,openhermes-mixtral-8x7b-gptq,Eminem,False,s3://validator-history/0xe59e60e48449a22253b486d3aca10ca264222f68/openhermes-mixtral-8x7b-gptq/heurist-llm-138875077385-2024-05-23T10:33:00.333Z.json
0x4eafeee93454899a27de218e59535d300dbade24,heurist-llm-248462324470,openhermes-mixtral-8x7b-gptq,Eminem,False,s3://validator-history/0x4eafeee93454899a27de218e59535d300dbade24/openhermes-mixtral-8x7b-gptq/heurist-llm-248462324470-2024-05-23T10:32:49.317Z.json
0x9556954d412646d8b4cc020bd7494724855cc1a3,heurist-llm-581692064391,openhermes-mixtral-8x7b-gptq,Eminem,False,s3://validator-history/0x9556954d412646d8b4cc020bd7494724855cc1a3/openhermes-mixtral-8x7b-gptq/heurist-llm-581692064391-2024-05-23T10:32:54.558Z.json
0xac66de582ea726b3efe193629d756c8b7d403ea3,heurist-llm-963207639647,openhermes-mixtral-8x7b-gptq,Eminem,False,s3://validator-history/0xac66de582ea726b3efe193629d756c8b7d403ea3/openhermes-mixtral-8x7b-gptq/heurist-llm-963207639647-2024-05-23T10:36:47.919Z.json
0xb881ad99646e1c18dcf9e86d5e79c096dbc7b273,heurist-llm-677883120872,openhermes-mixtral-8x7b-gptq,Eminem,False,s3://validator-history/0xb881ad99646e1c18dcf9e86d5e79c096dbc7b273/openhermes-mixtral-8x7b-gptq/heurist-llm-677883120872-2024-05-23T10:36:42.840Z.json
0x4dcbaeda4fbf2ba5b9c783095389b99759d55792,heurist-llm-114028908438,openhermes-mixtral-8x7b-gptq,Eminem,False,s3://validator-history/0x4dcbaeda4fbf2ba5b9c783095389b99759d55792/openhermes-mixtral-8x7b-gptq/heurist-llm-114028908438-2024-05-23T10:44:22.258Z.json
0x7926d6322465df681a3c98c94c6c786a9bc97971,heurist-llm-947098513779,openhermes-mixtral-8x7b-gptq,Eminem,False,s3://validator-history/0x7926d6322465df681a3c98c94c6c786a9bc97971/openhermes-mixtral-8x7b-gptq/heurist-llm-947098513779-2024-05-23T10:47:21.602Z.json
0x2e457f69f32b451a740947469e6282992c405717,heurist-llm-141038615598,openhermes-mixtral-8x7b-gptq,Eminem,False,s3://validator-history/0x2e457f69f32b451a740947469e6282992c405717/openhermes-mixtral-8x7b-gptq/heurist-llm-141038615598-2024-05-23T10:53:23.565Z.json
0xbb4ce31a3b71ee66f33366fa28b0840e3d3b042b,heurist-llm-386405012802,openhermes-mixtral-8x7b-gptq,Eminem,False,s3://validator-history/0xbb4ce31a3b71ee66f33366fa28b0840e3d3b042b/openhermes-mixtral-8x7b-gptq/heurist-llm-386405012802-2024-05-23T10:55:17.838Z.json
0xc211b2dce3f099756b4e7b36a1bde4648cbf8007,heurist-llm-119142107734,openhermes-mixtral-8x7b-gptq,Eminem,False,s3://validator-history/0xc211b2dce3f099756b4e7b36a1bde4648cbf8007/openhermes-mixtral-8x7b-gptq/heurist-llm-119142107734-2024-05-23T10:56:33.064Z.json
0xe2c2c5e47863257ef52e8d3f01c7bcc8987fcf61,heurist-llm-455031522784,openhermes-mixtral-8x7b-gptq,Eminem,False,s3://validator-history/0xe2c2c5e47863257ef52e8d3f01c7bcc8987fcf61/openhermes-mixtral-8x7b-gptq/heurist-llm-455031522784-2024-05-23T10:57:17.616Z.json
0x9a36a022f0c3c1a07fe1fcb7d7e44deef82bdbcf,heurist-llm-708960474757,openhermes-mixtral-8x7b-gptq,Eminem,False,s3://validator-history/0x9a36a022f0c3c1a07fe1fcb7d7e44deef82bdbcf/openhermes-mixtral-8x7b-gptq/heurist-llm-708960474757-2024-05-23T11:03:37.795Z.json
0x0298eb03cf16cd6e362cd1c97cdf04c948c54402,heurist-llm-807641803350,openhermes-mixtral-8x7b-gptq,Eminem,False,s3://validator-history/0x0298eb03cf16cd6e362cd1c97cdf04c948c54402/openhermes-mixtral-8x7b-gptq/heurist-llm-807641803350-2024-05-23T11:06:26.017Z.json
0x1a5badf0a6e497734fd377ae3e37e6c6defc7378,heurist-llm-604414877364,openhermes-mixtral-8x7b-gptq,Eminem,False,s3://validator-history/0x1a5badf0a6e497734fd377ae3e37e6c6defc7378/openhermes-mixtral-8x7b-gptq/heurist-llm-604414877364-2024-05-23T11:04:37.496Z.json
0x30c958dcab153c7adae380582624186585727906,heurist-llm-248226426298,openhermes-mixtral-8x7b-gptq,Eminem,False,s3://validator-history/0x30c958dcab153c7adae380582624186585727906/openhermes-mixtral-8x7b-gptq/heurist-llm-248226426298-2024-05-23T11:08:51.439Z.json
0x90cb17be35ec991be9e10aed0120ff75849de69d,heurist-llm-948271370790,openhermes-mixtral-8x7b-gptq,Eminem,False,s3://validator-history/0x90cb17be35ec991be9e10aed0120ff75849de69d/openhermes-mixtral-8x7b-gptq/heurist-llm-948271370790-2024-05-23T11:09:30.334Z.json
0x50da4613eeffd35841dcdb4e476f82cf67824449,heurist-llm-784768549132,openhermes-mixtral-8x7b-gptq,Eminem,False,s3://validator-history/0x50da4613eeffd35841dcdb4e476f82cf67824449/openhermes-mixtral-8x7b-gptq/heurist-llm-784768549132-2024-05-23T11:11:29.688Z.json
0x46a4069acb1522da027a36376634fb2cfd84399b,heurist-llm-293736095083,openhermes-mixtral-8x7b-gptq,Eminem,False,s3://validator-history/0x46a4069acb1522da027a36376634fb2cfd84399b/openhermes-mixtral-8x7b-gptq/heurist-llm-293736095083-2024-05-23T11:17:49.525Z.json
0x87fb21d020895cf0fd9af16421beaa4c6605c68d,heurist-llm-782724548627,openhermes-mixtral-8x7b-gptq,Eminem,False,s3://validator-history/0x87fb21d020895cf0fd9af16421beaa4c6605c68d/openhermes-mixtral-8x7b-gptq/heurist-llm-782724548627-2024-05-23T11:19:33.163Z.json
0x303f91f8af708e9a4d7c9b219159cc5cf9973ab8,heurist-llm-548948408604,openhermes-mixtral-8x7b-gptq,Eminem,False,s3://validator-history/0x303f91f8af708e9a4d7c9b219159cc5cf9973ab8/openhermes-mixtral-8x7b-gptq/heurist-llm-548948408604-2024-05-23T11:24:50.941Z.json
0x64dcbe8cbbe8eb23500cce41fdb2522e289c89f2,heurist-llm-983386278531,openhermes-mixtral-8x7b-gptq,Eminem,False,s3://validator-history/0x64dcbe8cbbe8eb23500cce41fdb2522e289c89f2/openhermes-mixtral-8x7b-gptq/heurist-llm-983386278531-2024-05-23T11:28:40.842Z.json
0x3fbe811eedc58ac18de6079d4acbfd8d3cc21f75,heurist-llm-271444436463,openhermes-mixtral-8x7b-gptq,Eminem,False,s3://validator-history/0x3fbe811eedc58ac18de6079d4acbfd8d3cc21f75/openhermes-mixtral-8x7b-gptq/heurist-llm-271444436463-2024-05-23T11:28:51.102Z.json
0x6182346ba1499d5e7147894873aeedef17c2a4f9,heurist-llm-859185822687,openhermes-mixtral-8x7b-gptq,Eminem,False,s3://validator-history/0x6182346ba1499d5e7147894873aeedef17c2a4f9/openhermes-mixtral-8x7b-gptq/heurist-llm-859185822687-2024-05-23T11:29:08.976Z.json
0x94e33ae3d2e14eb61cb8e296b94cbcb96179fc2e,heurist-llm-406952335344,openhermes-mixtral-8x7b-gptq,Eminem,False,s3://validator-history/0x94e33ae3d2e14eb61cb8e296b94cbcb96179fc2e/openhermes-mixtral-8x7b-gptq/heurist-llm-406952335344-2024-05-23T11:30:58.051Z.json
0x29e38b6b1db64898946b140c820a177c269138fa,heurist-llm-805026810388,openhermes-mixtral-8x7b-gptq,Eminem,False,s3://validator-history/0x29e38b6b1db64898946b140c820a177c269138fa/openhermes-mixtral-8x7b-gptq/heurist-llm-805026810388-2024-05-23T11:33:38.029Z.json
0xc6378fcd19857e9fff661c2f3000e020fbf4d15c,heurist-llm-784129799554,openhermes-mixtral-8x7b-gptq,Eminem,False,s3://validator-history/0xc6378fcd19857e9fff661c2f3000e020fbf4d15c/openhermes-mixtral-8x7b-gptq/heurist-llm-784129799554-2024-05-23T11:36:51.886Z.json
0x80c7874cc276671efa362499614b6b891b85632d,heurist-llm-565663771012,openhermes-mixtral-8x7b-gptq,Eminem,False,s3://validator-history/0x80c7874cc276671efa362499614b6b891b85632d/openhermes-mixtral-8x7b-gptq/heurist-llm-565663771012-2024-05-23T11:41:12.954Z.json
0x92c8e32075bbd92a1001040bbe8a8e92105707dc,heurist-llm-162655608216,openhermes-mixtral-8x7b-gptq,Eminem,False,s3://validator-history/0x92c8e32075bbd92a1001040bbe8a8e92105707dc/openhermes-mixtral-8x7b-gptq/heurist-llm-162655608216-2024-05-23T11:44:22.193Z.json
0xc0bb6c9f3198bfcd9fc8a401de6a2f911b9057bc,heurist-llm-514419198999,openhermes-mixtral-8x7b-gptq,Eminem,False,s3://validator-history/0xc0bb6c9f3198bfcd9fc8a401de6a2f911b9057bc/openhermes-mixtral-8x7b-gptq/heurist-llm-514419198999-2024-05-23T11:43:17.744Z.json
0xc12c06548876587231835bba12a3381501f97d2a,heurist-llm-747028993190,openhermes-mixtral-8x7b-gptq,Eminem,False,s3://validator-history/0xc12c06548876587231835bba12a3381501f97d2a/openhermes-mixtral-8x7b-gptq/heurist-llm-747028993190-2024-05-23T11:47:21.610Z.json
0xc53347e9015fea97086a7f76f1780d6dbb669c4b,heurist-llm-373427382473,openhermes-mixtral-8x7b-gptq,Eminem,False,s3://validator-history/0xc53347e9015fea97086a7f76f1780d6dbb669c4b/openhermes-mixtral-8x7b-gptq/heurist-llm-373427382473-2024-05-23T11:49:26.264Z.json
0xcd4ead9e4b2a78f33af308c8fa46cae445a8432b,heurist-llm-174245824419,openhermes-mixtral-8x7b-gptq,Eminem,False,s3://validator-history/0xcd4ead9e4b2a78f33af308c8fa46cae445a8432b/openhermes-mixtral-8x7b-gptq/heurist-llm-174245824419-2024-05-23T11:51:19.581Z.json
0x516116e548c28fdd4df4a576af3109a8df86c8d2,heurist-llm-246058716123,openhermes-mixtral-8x7b-gptq,Eminem,False,s3://validator-history/0x516116e548c28fdd4df4a576af3109a8df86c8d2/openhermes-mixtral-8x7b-gptq/heurist-llm-246058716123-2024-05-23T11:52:14.257Z.json
0xa37918107f7c9790ec0f9a598df7e15d590bd96d,heurist-llm-489455782000,openhermes-mixtral-8x7b-gptq,Eminem,False,s3://validator-history/0xa37918107f7c9790ec0f9a598df7e15d590bd96d/openhermes-mixtral-8x7b-gptq/heurist-llm-489455782000-2024-05-23T11:54:50.453Z.json
0x185b5f2c722f253cf18a6e2324bfd4fc6ff16f61,heurist-llm-433913729834,openhermes-mixtral-8x7b-gptq,Eminem,False,s3://validator-history/0x185b5f2c722f253cf18a6e2324bfd4fc6ff16f61/openhermes-mixtral-8x7b-gptq/heurist-llm-433913729834-2024-05-23T11:57:22.539Z.json
0xcb75d4f0310ff7362223d90b60603fcc29c0ac4d,heurist-llm-973221049433,openhermes-mixtral-8x7b-gptq,Eminem,False,s3://validator-history/0xcb75d4f0310ff7362223d90b60603fcc29c0ac4d/openhermes-mixtral-8x7b-gptq/heurist-llm-973221049433-2024-05-23T12:01:14.653Z.json
0xd241459e3086cee2e356c21a1dd421f707718eea,heurist-llm-294294917562,openhermes-mixtral-8x7b-gptq,Eminem,False,s3://validator-history/0xd241459e3086cee2e356c21a1dd421f707718eea/openhermes-mixtral-8x7b-gptq/heurist-llm-294294917562-2024-05-23T12:04:46.177Z.json
0x53bd4dfeeff62a5f82c531a076c97bbd5c614c32,heurist-llm-201137576178,openhermes-mixtral-8x7b-gptq,Eminem,False,s3://validator-history/0x53bd4dfeeff62a5f82c531a076c97bbd5c614c32/openhermes-mixtral-8x7b-gptq/heurist-llm-201137576178-2024-05-23T12:07:30.835Z.json
0x936fb2c30152e6363b07287e73b27db76489d6c7,heurist-llm-934010830083,openhermes-mixtral-8x7b-gptq,Eminem,False,s3://validator-history/0x936fb2c30152e6363b07287e73b27db76489d6c7/openhermes-mixtral-8x7b-gptq/heurist-llm-934010830083-2024-05-23T12:07:25.206Z.json
0xb55ebb44ab4f01855a2ceb61d13514a2e15b5d5b,heurist-llm-746139624604,openhermes-mixtral-8x7b-gptq,Eminem,False,s3://validator-history/0xb55ebb44ab4f01855a2ceb61d13514a2e15b5d5b/openhermes-mixtral-8x7b-gptq/heurist-llm-746139624604-2024-05-23T12:13:28.593Z.json
0x5dc67a47a998be64c635961097242b9b9eb8db71,heurist-llm-981415274735,openhermes-mixtral-8x7b-gptq,Eminem,False,s3://validator-history/0x5dc67a47a998be64c635961097242b9b9eb8db71/openhermes-mixtral-8x7b-gptq/heurist-llm-981415274735-2024-05-23T12:19:43.030Z.json
0x9fdf262441c7ccda07b2a475a22fe3a6f858ce3f,heurist-llm-104691900002,openhermes-mixtral-8x7b-gptq,Eminem,False,s3://validator-history/0x9fdf262441c7ccda07b2a475a22fe3a6f858ce3f/openhermes-mixtral-8x7b-gptq/heurist-llm-104691900002-2024-05-23T12:19:37.929Z.json
0x3740e9c0c652cc14fc5110a649b3d1c5bf21a42f,heurist-llm-360546863279,openhermes-mixtral-8x7b-gptq,Eminem,False,s3://validator-history/0x3740e9c0c652cc14fc5110a649b3d1c5bf21a42f/openhermes-mixtral-8x7b-gptq/heurist-llm-360546863279-2024-05-23T12:21:32.345Z.json
0x6be4176a2c62cfff4d5003a7e66139dd4b8c316b,heurist-llm-404578558441,openhermes-mixtral-8x7b-gptq,Eminem,False,s3://validator-history/0x6be4176a2c62cfff4d5003a7e66139dd4b8c316b/openhermes-mixtral-8x7b-gptq/heurist-llm-404578558441-2024-05-23T12:29:12.591Z.json
0x4075187afc281ccb58016606ec4f3302ec734689,heurist-llm-173591939683,openhermes-mixtral-8x7b-gptq,Eminem,False,s3://validator-history/0x4075187afc281ccb58016606ec4f3302ec734689/openhermes-mixtral-8x7b-gptq/heurist-llm-173591939683-2024-05-23T12:33:06.590Z.json
0x18119b6fa6866bba7d772c6a23c7a14090348888,heurist-llm-432138766896,openhermes-mixtral-8x7b-gptq,Eminem,False,s3://validator-history/0x18119b6fa6866bba7d772c6a23c7a14090348888/openhermes-mixtral-8x7b-gptq/heurist-llm-432138766896-2024-05-23T12:33:28.723Z.json
0x212bb8a14608369e93ab7bc7073e0503f5da5620,heurist-llm-817344235608,openhermes-mixtral-8x7b-gptq,Eminem,False,s3://validator-history/0x212bb8a14608369e93ab7bc7073e0503f5da5620/openhermes-mixtral-8x7b-gptq/heurist-llm-817344235608-2024-05-23T12:40:35.249Z.json
0xcf1575719242e2b8cd4cfe5f18de3afa1587beb0,heurist-llm-258162577148,openhermes-mixtral-8x7b-gptq,Eminem,False,s3://validator-history/0xcf1575719242e2b8cd4cfe5f18de3afa1587beb0/openhermes-mixtral-8x7b-gptq/heurist-llm-258162577148-2024-05-23T12:43:40.865Z.json
0x8c447d141eec25ff4f46c8dac6a31ea7af1ff020,heurist-llm-818275636116,openhermes-mixtral-8x7b-gptq,Eminem,False,s3://validator-history/0x8c447d141eec25ff4f46c8dac6a31ea7af1ff020/openhermes-mixtral-8x7b-gptq/heurist-llm-818275636116-2024-05-23T12:47:21.227Z.json
0x7c4fdbe4736569cf689605386b39bfc64a9e11c7,heurist-llm-556835288308,openhermes-mixtral-8x7b-gptq,Eminem,False,s3://validator-history/0x7c4fdbe4736569cf689605386b39bfc64a9e11c7/openhermes-mixtral-8x7b-gptq/heurist-llm-556835288308-2024-05-23T12:49:25.137Z.json
0x664f44b1f5ced3546f330fcd8a727a6ab6ac05a0,heurist-llm-903425146838,openhermes-mixtral-8x7b-gptq,Eminem,False,s3://validator-history/0x664f44b1f5ced3546f330fcd8a727a6ab6ac05a0/openhermes-mixtral-8x7b-gptq/heurist-llm-903425146838-2024-05-23T12:55:28.411Z.json
0xde240ee375bb4d8d6651d49f1fc02b182f7449d6,heurist-llm-917077344253,openhermes-mixtral-8x7b-gptq,Eminem,False,s3://validator-history/0xde240ee375bb4d8d6651d49f1fc02b182f7449d6/openhermes-mixtral-8x7b-gptq/heurist-llm-917077344253-2024-05-23T12:53:22.358Z.json
0xfed9cd61a03a14c4995cc91189a004a198e1c468,heurist-llm-385188229845,openhermes-mixtral-8x7b-gptq,Eminem,False,s3://validator-history/0xfed9cd61a03a14c4995cc91189a004a198e1c468/openhermes-mixtral-8x7b-gptq/heurist-llm-385188229845-2024-05-23T12:59:20.416Z.json
0x846fcd0bb9ea2187f60b66b44f3acfbdd192584d,heurist-llm-160456852193,openhermes-mixtral-8x7b-gptq,Eminem,False,s3://validator-history/0x846fcd0bb9ea2187f60b66b44f3acfbdd192584d/openhermes-mixtral-8x7b-gptq/heurist-llm-160456852193-2024-05-23T13:04:50.625Z.json
0xf4214643296e3142ae0737b209a0f0c9fa3318cc,heurist-llm-134994967639,openhermes-mixtral-8x7b-gptq,Eminem,False,s3://validator-history/0xf4214643296e3142ae0737b209a0f0c9fa3318cc/openhermes-mixtral-8x7b-gptq/heurist-llm-134994967639-2024-05-23T13:08:47.171Z.json
0x0b491987bdc39671d1e0fe9ecbf80430c327eb57,heurist-llm-409312979428,openhermes-mixtral-8x7b-gptq,Eminem,False,s3://validator-history/0x0b491987bdc39671d1e0fe9ecbf80430c327eb57/openhermes-mixtral-8x7b-gptq/heurist-llm-409312979428-2024-05-23T13:07:40.541Z.json
0x45553f220ba43a298ef4a2c0126a31310ad25b84,heurist-llm-727004402389,openhermes-mixtral-8x7b-gptq,Eminem,False,s3://validator-history/0x45553f220ba43a298ef4a2c0126a31310ad25b84/openhermes-mixtral-8x7b-gptq/heurist-llm-727004402389-2024-05-23T13:07:51.483Z.json
0x65bdb40c4d474beea3584d74a70b5b7bdd778d5c,heurist-llm-974767358217,openhermes-mixtral-8x7b-gptq,Eminem,False,s3://validator-history/0x65bdb40c4d474beea3584d74a70b5b7bdd778d5c/openhermes-mixtral-8x7b-gptq/heurist-llm-974767358217-2024-05-23T13:09:45.614Z.json
0xe025d39b393143eb18c1054c9a62b11f102ba322,heurist-llm-248700541329,openhermes-mixtral-8x7b-gptq,Eminem,False,s3://validator-history/0xe025d39b393143eb18c1054c9a62b11f102ba322/openhermes-mixtral-8x7b-gptq/heurist-llm-248700541329-2024-05-23T13:12:07.104Z.json
0xfcc6415c5a763d56bc51ac08264a9a1bbb00118a,heurist-llm-269181895049,openhermes-mixtral-8x7b-gptq,Eminem,False,s3://validator-history/0xfcc6415c5a763d56bc51ac08264a9a1bbb00118a/openhermes-mixtral-8x7b-gptq/heurist-llm-269181895049-2024-05-26T18:45:31.217Z.json
0x6d19ef2584086cac98b217554cce19f54bf733fa,heurist-llm-295189377141,openhermes-mixtral-8x7b-gptq,Eminem,False,s3://validator-history/0x6d19ef2584086cac98b217554cce19f54bf733fa/openhermes-mixtral-8x7b-gptq/heurist-llm-295189377141-2024-05-23T13:24:34.010Z.json
0x7e203a779613469b0de26fafc985ab3d3e2bc22d,heurist-llm-652361419576,openhermes-mixtral-8x7b-gptq,Eminem,False,s3://validator-history/0x7e203a779613469b0de26fafc985ab3d3e2bc22d/openhermes-mixtral-8x7b-gptq/heurist-llm-652361419576-2024-05-23T13:21:04.977Z.json
0x2b43de1407e57596163428d14fe0ffbd2c9ec21c,heurist-llm-105602764269,openhermes-mixtral-8x7b-gptq,Eminem,False,s3://validator-history/0x2b43de1407e57596163428d14fe0ffbd2c9ec21c/openhermes-mixtral-8x7b-gptq/heurist-llm-105602764269-2024-05-23T13:24:39.106Z.json
0x4f774ed1ff3ec850635c1e51d58b4643947ad10c,heurist-llm-169339905481,openhermes-mixtral-8x7b-gptq,Eminem,False,s3://validator-history/0x4f774ed1ff3ec850635c1e51d58b4643947ad10c/openhermes-mixtral-8x7b-gptq/heurist-llm-169339905481-2024-05-23T13:31:48.707Z.json
0xb6cd173aad09880859a0d16a8a0dffab9c51d01f,heurist-llm-609002409375,openhermes-mixtral-8x7b-gptq,Eminem,False,s3://validator-history/0xb6cd173aad09880859a0d16a8a0dffab9c51d01f/openhermes-mixtral-8x7b-gptq/heurist-llm-609002409375-2024-05-23T13:34:38.865Z.json
0x297a860267199f759fca9d6d8e2571db54a5c95c,heurist-llm-827179118717,openhermes-mixtral-8x7b-gptq,Eminem,False,s3://validator-history/0x297a860267199f759fca9d6d8e2571db54a5c95c/openhermes-mixtral-8x7b-gptq/heurist-llm-827179118717-2024-05-23T13:33:42.541Z.json
0xa9aead8193c984bca74e54e159fcaa23d0bad238,heurist-llm-547311910742,openhermes-mixtral-8x7b-gptq,Eminem,False,s3://validator-history/0xa9aead8193c984bca74e54e159fcaa23d0bad238/openhermes-mixtral-8x7b-gptq/heurist-llm-547311910742-2024-05-23T13:41:55.759Z.json
0x6f024b7a1ad3c02a27b9bf38b143b5afc681774d,heurist-llm-338046745209,openhermes-mixtral-8x7b-gptq,Eminem,False,s3://validator-history/0x6f024b7a1ad3c02a27b9bf38b143b5afc681774d/openhermes-mixtral-8x7b-gptq/heurist-llm-338046745209-2024-05-23T13:44:25.749Z.json
0x6be4124a6eb88eee88b19570fb3fd490a745d306,heurist-llm-517780571783,openhermes-mixtral-8x7b-gptq,Eminem,False,s3://validator-history/0x6be4124a6eb88eee88b19570fb3fd490a745d306/openhermes-mixtral-8x7b-gptq/heurist-llm-517780571783-2024-05-23T13:47:56.051Z.json
0x3534776ccb60b400b68fed7166f34c2f9bd5c4db,heurist-llm-992449055974,openhermes-mixtral-8x7b-gptq,Eminem,False,s3://validator-history/0x3534776ccb60b400b68fed7166f34c2f9bd5c4db/openhermes-mixtral-8x7b-gptq/heurist-llm-992449055974-2024-05-23T13:55:13.813Z.json
0x7f967730813e6a72c87ac793d9ca4f64c1f85cfa,heurist-llm-391649029894,openhermes-mixtral-8x7b-gptq,Eminem,False,s3://validator-history/0x7f967730813e6a72c87ac793d9ca4f64c1f85cfa/openhermes-mixtral-8x7b-gptq/heurist-llm-391649029894-2024-05-23T13:56:34.767Z.json
0x2951c26eafca1a786702cfc7530935ebc01bb151,heurist-llm-372932449756,openhermes-mixtral-8x7b-gptq,Eminem,False,s3://validator-history/0x2951c26eafca1a786702cfc7530935ebc01bb151/openhermes-mixtral-8x7b-gptq/heurist-llm-372932449756-2024-05-23T14:06:37.842Z.json
0x4428c888431028f21907f440cbdca29fa17372a2,heurist-llm-262001517985,openhermes-mixtral-8x7b-gptq,Eminem,False,s3://validator-history/0x4428c888431028f21907f440cbdca29fa17372a2/openhermes-mixtral-8x7b-gptq/heurist-llm-262001517985-2024-05-23T14:06:15.611Z.json
0x443073b174fdcbd3f58ad7f0a2399ad239dbc8cb,heurist-llm-453806447829,openhermes-mixtral-8x7b-gptq,Eminem,False,s3://validator-history/0x443073b174fdcbd3f58ad7f0a2399ad239dbc8cb/openhermes-mixtral-8x7b-gptq/heurist-llm-453806447829-2024-05-23T14:07:04.758Z.json
0x751eb05dbe048ee5cddadb275392cc41bc33a03b,heurist-llm-514261442685,openhermes-mixtral-8x7b-gptq,Eminem,False,s3://validator-history/0x751eb05dbe048ee5cddadb275392cc41bc33a03b/openhermes-mixtral-8x7b-gptq/heurist-llm-514261442685-2024-05-23T14:13:58.308Z.json
0xfe56b1302bd6553315224a57a70f1ad2011e74f6,heurist-llm-267856733223,openhermes-mixtral-8x7b-gptq,Eminem,False,s3://validator-history/0xfe56b1302bd6553315224a57a70f1ad2011e74f6/openhermes-mixtral-8x7b-gptq/heurist-llm-267856733223-2024-05-23T14:20:54.884Z.json
0x416f959a7edb11474cc5cf4a9ce228a0e615423a,heurist-llm-345691736494,openhermes-mixtral-8x7b-gptq,Eminem,False,s3://validator-history/0x416f959a7edb11474cc5cf4a9ce228a0e615423a/openhermes-mixtral-8x7b-gptq/heurist-llm-345691736494-2024-05-23T14:30:49.216Z.json
0xbca86f8bfb7a9c6d5d0f5d2b47e9ba6cf99a128d,heurist-llm-703283136635,openhermes-mixtral-8x7b-gptq,Eminem,False,s3://validator-history/0xbca86f8bfb7a9c6d5d0f5d2b47e9ba6cf99a128d/openhermes-mixtral-8x7b-gptq/heurist-llm-703283136635-2024-05-23T14:40:23.429Z.json
0x832d72b13733fd777d8f8d0f188255854c04ae8e,heurist-llm-533828827204,openhermes-mixtral-8x7b-gptq,Eminem,False,s3://validator-history/0x832d72b13733fd777d8f8d0f188255854c04ae8e/openhermes-mixtral-8x7b-gptq/heurist-llm-533828827204-2024-05-23T14:38:25.698Z.json
0x14ec10d629ce299fcfb6ccaec09aee8366b0361a,heurist-llm-517037446785,openhermes-mixtral-8x7b-gptq,Eminem,False,s3://validator-history/0x14ec10d629ce299fcfb6ccaec09aee8366b0361a/openhermes-mixtral-8x7b-gptq/heurist-llm-517037446785-2024-05-23T14:41:51.263Z.json
0x4b7a9280fbbf9ad4bcc772cf9106d4fc5ac626ba,heurist-llm-561888887813,openhermes-mixtral-8x7b-gptq,Eminem,False,s3://validator-history/0x4b7a9280fbbf9ad4bcc772cf9106d4fc5ac626ba/openhermes-mixtral-8x7b-gptq/heurist-llm-561888887813-2024-05-23T14:43:12.429Z.json
0xd7aef90ee6d1a20834b0a013602aec79d6563381,heurist-llm-666711324364,openhermes-mixtral-8x7b-gptq,Eminem,False,s3://validator-history/0xd7aef90ee6d1a20834b0a013602aec79d6563381/openhermes-mixtral-8x7b-gptq/heurist-llm-666711324364-2024-05-23T14:50:03.579Z.json
0x04a2645c1765d64068cb4d14e9fd416293acaca5,heurist-llm-416305379009,openhermes-mixtral-8x7b-gptq,Eminem,False,s3://validator-history/0x04a2645c1765d64068cb4d14e9fd416293acaca5/openhermes-mixtral-8x7b-gptq/heurist-llm-416305379009-2024-05-23T14:52:46.095Z.json
0x4cc6c0ea2c100b76ac9b715f27e23027ca373a47,heurist-llm-976495530251,openhermes-mixtral-8x7b-gptq,Eminem,False,s3://validator-history/0x4cc6c0ea2c100b76ac9b715f27e23027ca373a47/openhermes-mixtral-8x7b-gptq/heurist-llm-976495530251-2024-05-23T14:58:37.517Z.json
0x3ef98189825daadbab5a2baec554c8447e5f7ade,heurist-llm-388576694262,openhermes-mixtral-8x7b-gptq,Eminem,False,s3://validator-history/0x3ef98189825daadbab5a2baec554c8447e5f7ade/openhermes-mixtral-8x7b-gptq/heurist-llm-388576694262-2024-05-23T15:00:14.914Z.json
0xfd175ae62a8c48e191e7fcf88ab7c004b7c03300,heurist-llm-300396075302,openhermes-mixtral-8x7b-gptq,Eminem,False,s3://validator-history/0xfd175ae62a8c48e191e7fcf88ab7c004b7c03300/openhermes-mixtral-8x7b-gptq/heurist-llm-300396075302-2024-05-23T15:01:16.107Z.json
0xee4a80b0dfef345d413ed59174fdcd918008bcd2,heurist-llm-594631401433,openhermes-mixtral-8x7b-gptq,Eminem,False,s3://validator-history/0xee4a80b0dfef345d413ed59174fdcd918008bcd2/openhermes-mixtral-8x7b-gptq/heurist-llm-594631401433-2024-05-23T15:06:20.386Z.json
0x856d84c26cfd3b1d8458dd970d9875a8d91baac0,heurist-llm-993299297342,openhermes-mixtral-8x7b-gptq,Eminem,False,s3://validator-history/0x856d84c26cfd3b1d8458dd970d9875a8d91baac0/openhermes-mixtral-8x7b-gptq/heurist-llm-993299297342-2024-05-23T15:06:47.642Z.json
0x7aa02ab4c59b27f848953458848b68fae2c3373e,heurist-llm-103468278518,openhermes-mixtral-8x7b-gptq,Eminem,False,s3://validator-history/0x7aa02ab4c59b27f848953458848b68fae2c3373e/openhermes-mixtral-8x7b-gptq/heurist-llm-103468278518-2024-05-23T15:09:04.244Z.json
0x74f6ee9ec60a8d1af22d4c7f7de5526216d03321,heurist-llm-134843927236,openhermes-mixtral-8x7b-gptq,Eminem,False,s3://validator-history/0x74f6ee9ec60a8d1af22d4c7f7de5526216d03321/openhermes-mixtral-8x7b-gptq/heurist-llm-134843927236-2024-05-23T15:09:58.566Z.json
0x660bfca9bc4925ac8dbf1e0c2dcebc20febd4bd0,heurist-llm-554541919345,openhermes-mixtral-8x7b-gptq,Eminem,False,s3://validator-history/0x660bfca9bc4925ac8dbf1e0c2dcebc20febd4bd0/openhermes-mixtral-8x7b-gptq/heurist-llm-554541919345-2024-05-23T15:12:25.505Z.json
0x66cc08da57408a1f23ef2b3853010ef165b6881d,heurist-llm-204735640451,openhermes-mixtral-8x7b-gptq,Eminem,False,s3://validator-history/0x66cc08da57408a1f23ef2b3853010ef165b6881d/openhermes-mixtral-8x7b-gptq/heurist-llm-204735640451-2024-05-23T15:15:34.427Z.json
0xc70ce2ff3a50b436c30ecf11c0cebe376a2f1a8a,heurist-llm-709410082895,openhermes-mixtral-8x7b-gptq,Eminem,False,s3://validator-history/0xc70ce2ff3a50b436c30ecf11c0cebe376a2f1a8a/openhermes-mixtral-8x7b-gptq/heurist-llm-709410082895-2024-05-23T15:16:11.863Z.json
0xc3cd6714ad8ebca98841779787753376e513f818,heurist-llm-242647709070,openhermes-mixtral-8x7b-gptq,Eminem,False,s3://validator-history/0xc3cd6714ad8ebca98841779787753376e513f818/openhermes-mixtral-8x7b-gptq/heurist-llm-242647709070-2024-05-23T15:17:07.669Z.json
0xf1d299afacd9ef62e1df1497fa79dc7352be0597,heurist-llm-218616547951,openhermes-mixtral-8x7b-gptq,Eminem,False,s3://validator-history/0xf1d299afacd9ef62e1df1497fa79dc7352be0597/openhermes-mixtral-8x7b-gptq/heurist-llm-218616547951-2024-05-23T15:21:43.990Z.json
0x9dc6ab68edea83c18cfe8c6038aa41c02488e9e6,heurist-llm-215022779308,openhermes-mixtral-8x7b-gptq,Eminem,False,s3://validator-history/0x9dc6ab68edea83c18cfe8c6038aa41c02488e9e6/openhermes-mixtral-8x7b-gptq/heurist-llm-215022779308-2024-05-23T15:25:28.388Z.json
0xa5348e791a287a4295c6c8958ee8d269e5656383,heurist-llm-875102204469,openhermes-mixtral-8x7b-gptq,Eminem,False,s3://validator-history/0xa5348e791a287a4295c6c8958ee8d269e5656383/openhermes-mixtral-8x7b-gptq/heurist-llm-875102204469-2024-05-23T15:28:49.975Z.json
0x7eff32df99f08ad17ef014270b8a4036c54a2636,heurist-llm-694332814745,openhermes-mixtral-8x7b-gptq,Eminem,False,s3://validator-history/0x7eff32df99f08ad17ef014270b8a4036c54a2636/openhermes-mixtral-8x7b-gptq/heurist-llm-694332814745-2024-05-23T15:28:46.128Z.json
0xaafe6ada80ad0d070e20e64ee1971e1d4ca9c8b8,heurist-llm-164395371731,openhermes-mixtral-8x7b-gptq,Eminem,False,s3://validator-history/0xaafe6ada80ad0d070e20e64ee1971e1d4ca9c8b8/openhermes-mixtral-8x7b-gptq/heurist-llm-164395371731-2024-05-23T15:43:14.932Z.json
0x050f697d3811ceb8fece4127d90d16375d203443,heurist-llm-276955162004,openhermes-mixtral-8x7b-gptq,Eminem,False,s3://validator-history/0x050f697d3811ceb8fece4127d90d16375d203443/openhermes-mixtral-8x7b-gptq/heurist-llm-276955162004-2024-05-23T15:45:48.275Z.json
0xc104c24768f3480d228016bef2dff77b04d32ae8,heurist-llm-684455194854,openhermes-mixtral-8x7b-gptq,Eminem,False,s3://validator-history/0xc104c24768f3480d228016bef2dff77b04d32ae8/openhermes-mixtral-8x7b-gptq/heurist-llm-684455194854-2024-05-23T15:53:36.694Z.json
0x19bd3442756264aa28fe56a3d5b1c84e7482bc04,heurist-llm-913080769358,openhermes-mixtral-8x7b-gptq,Eminem,False,s3://validator-history/0x19bd3442756264aa28fe56a3d5b1c84e7482bc04/openhermes-mixtral-8x7b-gptq/heurist-llm-913080769358-2024-05-23T15:51:10.754Z.json
0x617a31cb167fd92669f256948eb8de71ed4098f0,heurist-llm-404597002583,openhermes-mixtral-8x7b-gptq,Eminem,False,s3://validator-history/0x617a31cb167fd92669f256948eb8de71ed4098f0/openhermes-mixtral-8x7b-gptq/heurist-llm-404597002583-2024-05-23T15:49:50.225Z.json
0xa8e99dfecb0b837d917445c87d8663a2e12efd17,heurist-llm-488553831672,openhermes-mixtral-8x7b-gptq,Eminem,False,s3://validator-history/0xa8e99dfecb0b837d917445c87d8663a2e12efd17/openhermes-mixtral-8x7b-gptq/heurist-llm-488553831672-2024-05-23T15:52:19.690Z.json
0xf247df1e2ea8dedea6a87756aa19489ce3ee2e57,heurist-llm-229502131527,openhermes-mixtral-8x7b-gptq,Eminem,False,s3://validator-history/0xf247df1e2ea8dedea6a87756aa19489ce3ee2e57/openhermes-mixtral-8x7b-gptq/heurist-llm-229502131527-2024-05-23T15:55:30.366Z.json
0x84bc67f6d4547eb52b8381201f0df7f7a9434a04,heurist-llm-682966062382,openhermes-mixtral-8x7b-gptq,Eminem,False,s3://validator-history/0x84bc67f6d4547eb52b8381201f0df7f7a9434a04/openhermes-mixtral-8x7b-gptq/heurist-llm-682966062382-2024-05-23T15:57:24.638Z.json
0x6fa512b7a991c28c23d59c1065bfc8d959538b8c,heurist-llm-589971159664,openhermes-mixtral-8x7b-gptq,Eminem,False,s3://validator-history/0x6fa512b7a991c28c23d59c1065bfc8d959538b8c/openhermes-mixtral-8x7b-gptq/heurist-llm-589971159664-2024-05-23T15:59:30.330Z.json
0x11e048446ad41232df61dc6205639c0de02cb2fb,heurist-llm-648506549220,openhermes-mixtral-8x7b-gptq,Eminem,False,s3://validator-history/0x11e048446ad41232df61dc6205639c0de02cb2fb/openhermes-mixtral-8x7b-gptq/heurist-llm-648506549220-2024-05-23T16:02:35.743Z.json
0x3bc6fba4646e062743330833d1511ca966cb9f62,heurist-llm-929812423173,openhermes-mixtral-8x7b-gptq,Eminem,False,s3://validator-history/0x3bc6fba4646e062743330833d1511ca966cb9f62/openhermes-mixtral-8x7b-gptq/heurist-llm-929812423173-2024-05-23T16:05:34.726Z.json
0xe4cedad86223c9bf1268e60dcd6cc4688535ed4e,heurist-llm-343912076337,openhermes-mixtral-8x7b-gptq,Eminem,False,s3://validator-history/0xe4cedad86223c9bf1268e60dcd6cc4688535ed4e/openhermes-mixtral-8x7b-gptq/heurist-llm-343912076337-2024-05-23T16:09:29.577Z.json
0xc80ed6f512596e636a537b0e0e6a05a061deaf20,heurist-llm-963670787326,openhermes-mixtral-8x7b-gptq,Eminem,False,s3://validator-history/0xc80ed6f512596e636a537b0e0e6a05a061deaf20/openhermes-mixtral-8x7b-gptq/heurist-llm-963670787326-2024-05-23T16:13:00.106Z.json
0x36d58d464822c865c973ce0d47bd1744272cd197,heurist-llm-938784001374,openhermes-mixtral-8x7b-gptq,Eminem,False,s3://validator-history/0x36d58d464822c865c973ce0d47bd1744272cd197/openhermes-mixtral-8x7b-gptq/heurist-llm-938784001374-2024-05-23T16:14:50.032Z.json
0x72bb3c021fb2b83128e46a4253c73c83e45816cd,heurist-llm-783839432500,openhermes-mixtral-8x7b-gptq,Eminem,False,s3://validator-history/0x72bb3c021fb2b83128e46a4253c73c83e45816cd/openhermes-mixtral-8x7b-gptq/heurist-llm-783839432500-2024-05-23T16:22:34.917Z.json
0x1d07d2fd3d398cefef69bd64ee57c86e6e6f4b09,heurist-llm-491186314944,openhermes-mixtral-8x7b-gptq,Eminem,False,s3://validator-history/0x1d07d2fd3d398cefef69bd64ee57c86e6e6f4b09/openhermes-mixtral-8x7b-gptq/heurist-llm-491186314944-2024-05-23T16:22:02.580Z.json
0x2687a6ad6323a382f5ffcc8e880ceafeb76876c8,heurist-llm-417057439591,openhermes-mixtral-8x7b-gptq,Eminem,False,s3://validator-history/0x2687a6ad6323a382f5ffcc8e880ceafeb76876c8/openhermes-mixtral-8x7b-gptq/heurist-llm-417057439591-2024-05-23T16:25:36.423Z.json
0xceb29bc2528c9e5d857a67beebad093cb6246e76,heurist-llm-421797301548,openhermes-mixtral-8x7b-gptq,Eminem,False,s3://validator-history/0xceb29bc2528c9e5d857a67beebad093cb6246e76/openhermes-mixtral-8x7b-gptq/heurist-llm-421797301548-2024-05-23T16:35:46.971Z.json
0x3ec20fee32240031f6d458457d4526e5393bccc5,heurist-llm-533674285724,openhermes-mixtral-8x7b-gptq,Eminem,False,s3://validator-history/0x3ec20fee32240031f6d458457d4526e5393bccc5/openhermes-mixtral-8x7b-gptq/heurist-llm-533674285724-2024-05-23T16:43:39.190Z.json
0x0b4fac0c92cd12584c9d11eff2b35235dc7c59a0,heurist-llm-197258018239,openhermes-mixtral-8x7b-gptq,Eminem,False,s3://validator-history/0x0b4fac0c92cd12584c9d11eff2b35235dc7c59a0/openhermes-mixtral-8x7b-gptq/heurist-llm-197258018239-2024-05-23T16:46:17.056Z.json
0x3e0c10287b5516c35727f5649b590b666ef0edb5,heurist-llm-253149306546,openhermes-mixtral-8x7b-gptq,Eminem,False,s3://validator-history/0x3e0c10287b5516c35727f5649b590b666ef0edb5/openhermes-mixtral-8x7b-gptq/heurist-llm-253149306546-2024-05-23T16:53:05.861Z.json
0xc57c8ffec4e1c6615ee6eebc4a340d2df69902f0,heurist-llm-411631009293,openhermes-mixtral-8x7b-gptq,Eminem,False,s3://validator-history/0xc57c8ffec4e1c6615ee6eebc4a340d2df69902f0/openhermes-mixtral-8x7b-gptq/heurist-llm-411631009293-2024-05-23T16:58:12.081Z.json
0x542c3b8d41cc940d7730babef6a673874b4028d5,heurist-llm-343598836443,openhermes-mixtral-8x7b-gptq,Eminem,False,s3://validator-history/0x542c3b8d41cc940d7730babef6a673874b4028d5/openhermes-mixtral-8x7b-gptq/heurist-llm-343598836443-2024-05-23T16:59:38.594Z.json
0x61d46fecc91d93c87735fd94ebfb5d1343b22f8d,heurist-llm-139238214720,openhermes-mixtral-8x7b-gptq,Eminem,False,s3://validator-history/0x61d46fecc91d93c87735fd94ebfb5d1343b22f8d/openhermes-mixtral-8x7b-gptq/heurist-llm-139238214720-2024-05-23T17:04:04.203Z.json
0x82552cd6e905b6bf79c0c0029dd56d226a28434a,heurist-llm-808092474453,openhermes-mixtral-8x7b-gptq,Eminem,False,s3://validator-history/0x82552cd6e905b6bf79c0c0029dd56d226a28434a/openhermes-mixtral-8x7b-gptq/heurist-llm-808092474453-2024-05-23T17:03:58.608Z.json
0x6de5c4c166f54fd6fb652bdedbc040577f351b1f,heurist-llm-505521306470,openhermes-mixtral-8x7b-gptq,Eminem,False,s3://validator-history/0x6de5c4c166f54fd6fb652bdedbc040577f351b1f/openhermes-mixtral-8x7b-gptq/heurist-llm-505521306470-2024-05-23T17:13:48.162Z.json
0x1ad4d8f58ff27541d01628487542dc7d666e83dc,heurist-llm-765281163920,openhermes-mixtral-8x7b-gptq,Eminem,False,s3://validator-history/0x1ad4d8f58ff27541d01628487542dc7d666e83dc/openhermes-mixtral-8x7b-gptq/heurist-llm-765281163920-2024-05-23T17:09:32.619Z.json
0xe30fd2e45ee264af36c18a4a43ccd657389ca3fc,heurist-llm-123492191844,openhermes-mixtral-8x7b-gptq,Eminem,False,s3://validator-history/0xe30fd2e45ee264af36c18a4a43ccd657389ca3fc/openhermes-mixtral-8x7b-gptq/heurist-llm-123492191844-2024-05-23T17:11:20.954Z.json
0x3225db96c3d0e5e716fbe33baee83651e1e362ba,heurist-llm-318427274127,openhermes-mixtral-8x7b-gptq,Eminem,False,s3://validator-history/0x3225db96c3d0e5e716fbe33baee83651e1e362ba/openhermes-mixtral-8x7b-gptq/heurist-llm-318427274127-2024-05-23T17:19:19.362Z.json
0x9ca58c6aeb0e5e8b2a5ff728c895042d66ea13dd,heurist-llm-275576378387,openhermes-mixtral-8x7b-gptq,Eminem,False,s3://validator-history/0x9ca58c6aeb0e5e8b2a5ff728c895042d66ea13dd/openhermes-mixtral-8x7b-gptq/heurist-llm-275576378387-2024-05-23T17:25:56.814Z.json
0x8415dca64fbc443240db1b07381be68f0ed0b2ab,heurist-llm-495675272424,openhermes-mixtral-8x7b-gptq,Eminem,False,s3://validator-history/0x8415dca64fbc443240db1b07381be68f0ed0b2ab/openhermes-mixtral-8x7b-gptq/heurist-llm-495675272424-2024-05-23T17:25:06.934Z.json
0xa23129dac3b44563b62456170ab358e3778beeed,heurist-llm-401253251693,openhermes-mixtral-8x7b-gptq,Eminem,False,s3://validator-history/0xa23129dac3b44563b62456170ab358e3778beeed/openhermes-mixtral-8x7b-gptq/heurist-llm-401253251693-2024-05-23T17:25:44.654Z.json
0x135fbabd7b56edb6b853a1c1c0d6cd84504fe32b,heurist-llm-345686469910,openhermes-mixtral-8x7b-gptq,Eminem,False,s3://validator-history/0x135fbabd7b56edb6b853a1c1c0d6cd84504fe32b/openhermes-mixtral-8x7b-gptq/heurist-llm-345686469910-2024-05-23T17:29:34.966Z.json
0x639b3fa904fba42263e81d9b895baedefbb283f5,heurist-llm-306847532097,openhermes-mixtral-8x7b-gptq,Eminem,False,s3://validator-history/0x639b3fa904fba42263e81d9b895baedefbb283f5/openhermes-mixtral-8x7b-gptq/heurist-llm-306847532097-2024-05-23T17:34:41.201Z.json
0x9d0d45fc80a79fed2415bbfea1ed0aa5a6bfaba2,heurist-llm-496338217536,openhermes-mixtral-8x7b-gptq,Eminem,False,s3://validator-history/0x9d0d45fc80a79fed2415bbfea1ed0aa5a6bfaba2/openhermes-mixtral-8x7b-gptq/heurist-llm-496338217536-2024-05-23T17:41:34.113Z.json
0xf8ae9ec307efc7968416d6136bedd67041b88e29,heurist-llm-912862940353,openhermes-mixtral-8x7b-gptq,Eminem,False,s3://validator-history/0xf8ae9ec307efc7968416d6136bedd67041b88e29/openhermes-mixtral-8x7b-gptq/heurist-llm-912862940353-2024-05-23T17:40:18.129Z.json
0x22a11c3565a5d7f51b480564c01e9c3710058be2,heurist-llm-165554986640,openhermes-mixtral-8x7b-gptq,Eminem,False,s3://validator-history/0x22a11c3565a5d7f51b480564c01e9c3710058be2/openhermes-mixtral-8x7b-gptq/heurist-llm-165554986640-2024-05-23T17:48:23.218Z.json
0x1bcc30e4c5531593e89af0aef1dc78f66a340a3e,heurist-llm-537256143589,openhermes-mixtral-8x7b-gptq,Eminem,False,s3://validator-history/0x1bcc30e4c5531593e89af0aef1dc78f66a340a3e/openhermes-mixtral-8x7b-gptq/heurist-llm-537256143589-2024-05-23T17:50:00.437Z.json
0x06b8740a680521b2be9a874ea298f6229776ffdc,heurist-llm-883650289246,openhermes-mixtral-8x7b-gptq,Eminem,False,s3://validator-history/0x06b8740a680521b2be9a874ea298f6229776ffdc/openhermes-mixtral-8x7b-gptq/heurist-llm-883650289246-2024-05-23T17:50:16.405Z.json
0x2a59eba797d23ec678a45be8846c99dd21f26b49,heurist-llm-229983575411,openhermes-mixtral-8x7b-gptq,Eminem,False,s3://validator-history/0x2a59eba797d23ec678a45be8846c99dd21f26b49/openhermes-mixtral-8x7b-gptq/heurist-llm-229983575411-2024-05-23T17:51:05.117Z.json
0xd18005a788f17e38d554013fdb64d8e1bcc31993,heurist-llm-591116414205,openhermes-mixtral-8x7b-gptq,Eminem,False,s3://validator-history/0xd18005a788f17e38d554013fdb64d8e1bcc31993/openhermes-mixtral-8x7b-gptq/heurist-llm-591116414205-2024-05-23T17:51:42.658Z.json
0xcfcd2f9046e42fd57598bd1210fcab2b84269427,heurist-llm-467626793833,openhermes-mixtral-8x7b-gptq,Eminem,False,s3://validator-history/0xcfcd2f9046e42fd57598bd1210fcab2b84269427/openhermes-mixtral-8x7b-gptq/heurist-llm-467626793833-2024-05-23T17:55:37.211Z.json
0x0d1e4bdb71278d8f5312b7e92cfae5610a0a4f5b,heurist-llm-721010789151,openhermes-mixtral-8x7b-gptq,Eminem,False,s3://validator-history/0x0d1e4bdb71278d8f5312b7e92cfae5610a0a4f5b/openhermes-mixtral-8x7b-gptq/heurist-llm-721010789151-2024-05-23T18:00:08.209Z.json
0xcaf09599dac225690872fced5cab345daa32efaf,heurist-llm-627959437881,openhermes-mixtral-8x7b-gptq,Eminem,False,s3://validator-history/0xcaf09599dac225690872fced5cab345daa32efaf/openhermes-mixtral-8x7b-gptq/heurist-llm-627959437881-2024-05-23T18:03:53.684Z.json
0xc8d0a08255c66a5a957493e61a0d5c2e2c6255a0,heurist-llm-959946507106,openhermes-mixtral-8x7b-gptq,Eminem,False,s3://validator-history/0xc8d0a08255c66a5a957493e61a0d5c2e2c6255a0/openhermes-mixtral-8x7b-gptq/heurist-llm-959946507106-2024-05-23T18:05:10.729Z.json
0x6b0589cbbdc362b56f16f44a5924fedb47f9a4b9,heurist-llm-278024169687,openhermes-mixtral-8x7b-gptq,Eminem,False,s3://validator-history/0x6b0589cbbdc362b56f16f44a5924fedb47f9a4b9/openhermes-mixtral-8x7b-gptq/heurist-llm-278024169687-2024-05-23T18:10:08.231Z.json
0x07c6d15fab4d1181697953ea90979b3415c78a88,heurist-llm-436050869302,openhermes-mixtral-8x7b-gptq,Eminem,False,s3://validator-history/0x07c6d15fab4d1181697953ea90979b3415c78a88/openhermes-mixtral-8x7b-gptq/heurist-llm-436050869302-2024-05-23T18:14:17.427Z.json
0x4e9131b06352a2dfb11081806e3e8621671653bb,heurist-llm-346391711547,openhermes-mixtral-8x7b-gptq,Eminem,False,s3://validator-history/0x4e9131b06352a2dfb11081806e3e8621671653bb/openhermes-mixtral-8x7b-gptq/heurist-llm-346391711547-2024-05-23T18:16:02.058Z.json
0xffbc75edb5de4795fc6116c81e6badaf9dbb29eb,heurist-llm-158500527610,openhermes-mixtral-8x7b-gptq,Eminem,False,s3://validator-history/0xffbc75edb5de4795fc6116c81e6badaf9dbb29eb/openhermes-mixtral-8x7b-gptq/heurist-llm-158500527610-2024-05-23T18:20:14.666Z.json
0xd499f21be75ecbb0f002b7bc8f7501c70f1edeaf,heurist-llm-173782598863,openhermes-mixtral-8x7b-gptq,Eminem,False,s3://validator-history/0xd499f21be75ecbb0f002b7bc8f7501c70f1edeaf/openhermes-mixtral-8x7b-gptq/heurist-llm-173782598863-2024-05-23T18:18:38.126Z.json
0x5962a6c037facbaba8b13d747f97969fb94c6067,heurist-llm-232032431353,openhermes-mixtral-8x7b-gptq,Eminem,False,s3://validator-history/0x5962a6c037facbaba8b13d747f97969fb94c6067/openhermes-mixtral-8x7b-gptq/heurist-llm-232032431353-2024-05-23T18:21:52.376Z.json
0x78bd91bc2a51ac0a571d2dbf9c12477ad197c9d2,heurist-llm-562779346603,openhermes-mixtral-8x7b-gptq,Eminem,False,s3://validator-history/0x78bd91bc2a51ac0a571d2dbf9c12477ad197c9d2/openhermes-mixtral-8x7b-gptq/heurist-llm-562779346603-2024-05-23T18:27:28.125Z.json
0x6292d0945e75c107bbeea421e0db94e25bd5e8a0,heurist-llm-262632949548,openhermes-mixtral-8x7b-gptq,Eminem,False,s3://validator-history/0x6292d0945e75c107bbeea421e0db94e25bd5e8a0/openhermes-mixtral-8x7b-gptq/heurist-llm-262632949548-2024-05-23T18:39:29.142Z.json
0x85aee4bba7474d46f3410310a08ce18dc2d8345a,heurist-llm-939045740135,openhermes-mixtral-8x7b-gptq,Eminem,False,s3://validator-history/0x85aee4bba7474d46f3410310a08ce18dc2d8345a/openhermes-mixtral-8x7b-gptq/heurist-llm-939045740135-2024-05-23T18:38:07.109Z.json
0xfdd45e6daaab0b98b13309a1b5d0e1fe5c3b12be,heurist-llm-216923562171,openhermes-mixtral-8x7b-gptq,Eminem,False,s3://validator-history/0xfdd45e6daaab0b98b13309a1b5d0e1fe5c3b12be/openhermes-mixtral-8x7b-gptq/heurist-llm-216923562171-2024-05-23T18:46:25.953Z.json
0xd02b76d01f6027f96c68152c8f017a9335418cfd,heurist-llm-846747473755,openhermes-mixtral-8x7b-gptq,Eminem,False,s3://validator-history/0xd02b76d01f6027f96c68152c8f017a9335418cfd/openhermes-mixtral-8x7b-gptq/heurist-llm-846747473755-2024-05-23T18:54:26.879Z.json
0x19ebe902e57d34587ca947b89b913733182eb38a,heurist-llm-213677664913,openhermes-mixtral-8x7b-gptq,Eminem,False,s3://validator-history/0x19ebe902e57d34587ca947b89b913733182eb38a/openhermes-mixtral-8x7b-gptq/heurist-llm-213677664913-2024-05-23T19:09:13.239Z.json
0xee710b41550c931c9fd08b483ea0075a28a1060a,heurist-llm-510433401684,openhermes-mixtral-8x7b-gptq,Eminem,False,s3://validator-history/0xee710b41550c931c9fd08b483ea0075a28a1060a/openhermes-mixtral-8x7b-gptq/heurist-llm-510433401684-2024-05-23T19:15:30.672Z.json
0xb0f19c11322557d02ffb830ae2ab9f70c842b57e,heurist-llm-846785344092,openhermes-mixtral-8x7b-gptq,Eminem,False,s3://validator-history/0xb0f19c11322557d02ffb830ae2ab9f70c842b57e/openhermes-mixtral-8x7b-gptq/heurist-llm-846785344092-2024-05-23T19:28:37.449Z.json
