miner_id,prob_job_1,prob_job_2
0x04a2645c1765d64068cb4d14e9fd416293acaca5,s3://validator-history/0x04a2645c1765d64068cb4d14e9fd416293acaca5/openhermes-mixtral-8x7b-gptq/heurist-llm-440809466003-2024-05-13T00:25:33.188Z.json,s3://validator-history/0x04a2645c1765d64068cb4d14e9fd416293acaca5/openhermes-mixtral-8x7b-gptq/heurist-llm-416305379009-2024-05-23T14:52:46.095Z.json
0x4f774ed1ff3ec850635c1e51d58b4643947ad10c,s3://validator-history/0x4f774ed1ff3ec850635c1e51d58b4643947ad10c/openhermes-mixtral-8x7b-gptq/heurist-llm-834377744131-2024-05-13T00:27:26.388Z.json,s3://validator-history/0x4f774ed1ff3ec850635c1e51d58b4643947ad10c/openhermes-mixtral-8x7b-gptq/heurist-llm-169339905481-2024-05-23T13:31:48.707Z.json
0x787363c9d7f3392a337bf590a7fefd170f31b6de,s3://validator-history/0x787363c9d7f3392a337bf590a7fefd170f31b6de/openhermes-mixtral-8x7b-gptq/heurist-llm-988984788446-2024-05-13T00:28:10.058Z.json,
0x711c74e2d5ea708edf3206080e36f218a2673643,s3://validator-history/0x711c74e2d5ea708edf3206080e36f218a2673643/openhermes-mixtral-8x7b-gptq/heurist-llm-947594268971-2024-05-13T00:30:28.840Z.json,s3://validator-history/0x711c74e2d5ea708edf3206080e36f218a2673643/openhermes-mixtral-8x7b-gptq/heurist-llm-471938148747-2024-05-23T09:04:27.795Z.json
0x68956ae6e6b2982ae8f4c125a2cbd57b05b9a097,s3://validator-history/0x68956ae6e6b2982ae8f4c125a2cbd57b05b9a097/openhermes-mixtral-8x7b-gptq/heurist-llm-134099539045-2024-05-13T00:32:53.604Z.json,
0xbea6f5a3f068e5bb039092fb842f03ef8f0e46c1,s3://validator-history/0xbea6f5a3f068e5bb039092fb842f03ef8f0e46c1/openhermes-mixtral-8x7b-gptq/heurist-llm-883578518394-2024-05-13T00:33:35.561Z.json,
0x670ce3d0aa5f8d429f2d5aa65888dbbf969c4e08,s3://validator-history/0x670ce3d0aa5f8d429f2d5aa65888dbbf969c4e08/openhermes-mixtral-8x7b-gptq/heurist-llm-517749809226-2024-05-13T00:36:12.703Z.json,s3://validator-history/0x670ce3d0aa5f8d429f2d5aa65888dbbf969c4e08/openhermes-mixtral-8x7b-gptq/heurist-llm-970549661769-2024-05-23T09:14:48.310Z.json
0x40ed31fac9617b723c35d35e12ae620f69b5ba11,s3://validator-history/0x40ed31fac9617b723c35d35e12ae620f69b5ba11/openhermes-mixtral-8x7b-gptq/heurist-llm-281198434305-2024-05-13T00:37:36.474Z.json,
0xcd4ead9e4b2a78f33af308c8fa46cae445a8432b,s3://validator-history/0xcd4ead9e4b2a78f33af308c8fa46cae445a8432b/openhermes-mixtral-8x7b-gptq/heurist-llm-207047503782-2024-05-13T00:41:36.390Z.json,s3://validator-history/0xcd4ead9e4b2a78f33af308c8fa46cae445a8432b/openhermes-mixtral-8x7b-gptq/heurist-llm-174245824419-2024-05-23T11:51:19.581Z.json
0x6d19ef2584086cac98b217554cce19f54bf733fa,s3://validator-history/0x6d19ef2584086cac98b217554cce19f54bf733fa/openhermes-mixtral-8x7b-gptq/heurist-llm-387262693063-2024-05-13T00:39:54.611Z.json,s3://validator-history/0x6d19ef2584086cac98b217554cce19f54bf733fa/openhermes-mixtral-8x7b-gptq/heurist-llm-295189377141-2024-05-23T13:24:34.010Z.json
0x3225db96c3d0e5e716fbe33baee83651e1e362ba,s3://validator-history/0x3225db96c3d0e5e716fbe33baee83651e1e362ba/openhermes-mixtral-8x7b-gptq/heurist-llm-124174953305-2024-05-13T00:41:36.288Z.json,s3://validator-history/0x3225db96c3d0e5e716fbe33baee83651e1e362ba/openhermes-mixtral-8x7b-gptq/heurist-llm-318427274127-2024-05-23T17:19:19.362Z.json
0x6be4176a2c62cfff4d5003a7e66139dd4b8c316b,s3://validator-history/0x6be4176a2c62cfff4d5003a7e66139dd4b8c316b/openhermes-mixtral-8x7b-gptq/heurist-llm-393571267496-2024-05-13T00:42:04.713Z.json,s3://validator-history/0x6be4176a2c62cfff4d5003a7e66139dd4b8c316b/openhermes-mixtral-8x7b-gptq/heurist-llm-404578558441-2024-05-23T12:29:12.591Z.json
0xe59e60e48449a22253b486d3aca10ca264222f68,s3://validator-history/0xe59e60e48449a22253b486d3aca10ca264222f68/openhermes-mixtral-8x7b-gptq/heurist-llm-575057178112-2024-05-13T00:45:30.189Z.json,s3://validator-history/0xe59e60e48449a22253b486d3aca10ca264222f68/openhermes-mixtral-8x7b-gptq/heurist-llm-138875077385-2024-05-23T10:33:00.333Z.json
0x9927904f5bfa49cf27b3d5e878855c705d45235f,s3://validator-history/0x9927904f5bfa49cf27b3d5e878855c705d45235f/openhermes-mixtral-8x7b-gptq/heurist-llm-562653646226-2024-05-13T00:46:36.808Z.json,
0x0b4fac0c92cd12584c9d11eff2b35235dc7c59a0,s3://validator-history/0x0b4fac0c92cd12584c9d11eff2b35235dc7c59a0/openhermes-mixtral-8x7b-gptq/heurist-llm-567433639392-2024-05-13T00:48:24.244Z.json,s3://validator-history/0x0b4fac0c92cd12584c9d11eff2b35235dc7c59a0/openhermes-mixtral-8x7b-gptq/heurist-llm-197258018239-2024-05-23T16:46:17.056Z.json
0x3534776ccb60b400b68fed7166f34c2f9bd5c4db,s3://validator-history/0x3534776ccb60b400b68fed7166f34c2f9bd5c4db/openhermes-mixtral-8x7b-gptq/heurist-llm-789084428115-2024-05-13T00:48:42.453Z.json,s3://validator-history/0x3534776ccb60b400b68fed7166f34c2f9bd5c4db/openhermes-mixtral-8x7b-gptq/heurist-llm-992449055974-2024-05-23T13:55:13.813Z.json
0xf8ae9ec307efc7968416d6136bedd67041b88e29,s3://validator-history/0xf8ae9ec307efc7968416d6136bedd67041b88e29/openhermes-mixtral-8x7b-gptq/heurist-llm-897575367669-2024-05-13T00:49:36.738Z.json,s3://validator-history/0xf8ae9ec307efc7968416d6136bedd67041b88e29/openhermes-mixtral-8x7b-gptq/heurist-llm-912862940353-2024-05-23T17:40:18.129Z.json
0xcd86db0782c8dc3c9eee16fd454b129144369988,s3://validator-history/0xcd86db0782c8dc3c9eee16fd454b129144369988/openhermes-mixtral-8x7b-gptq/heurist-llm-177305910503-2024-05-13T00:51:07.726Z.json,s3://validator-history/0xcd86db0782c8dc3c9eee16fd454b129144369988/openhermes-mixtral-8x7b-gptq/heurist-llm-920378672794-2024-05-23T09:52:35.266Z.json
0x85aee4bba7474d46f3410310a08ce18dc2d8345a,s3://validator-history/0x85aee4bba7474d46f3410310a08ce18dc2d8345a/openhermes-mixtral-8x7b-gptq/heurist-llm-541911328565-2024-05-13T00:52:43.754Z.json,s3://validator-history/0x85aee4bba7474d46f3410310a08ce18dc2d8345a/openhermes-mixtral-8x7b-gptq/heurist-llm-939045740135-2024-05-23T18:38:07.109Z.json
0x0eee8cd17231d0454a70935dc534aeb0ca942dde,s3://validator-history/0x0eee8cd17231d0454a70935dc534aeb0ca942dde/openhermes-mixtral-8x7b-gptq/heurist-llm-275869091941-2024-05-13T00:54:38.703Z.json,s3://validator-history/0x0eee8cd17231d0454a70935dc534aeb0ca942dde/openhermes-mixtral-8x7b-gptq/heurist-llm-199005810995-2024-05-23T10:12:45.187Z.json
0xdcddfdb72af4be4b2270ed29c855f7cf9691d970,s3://validator-history/0xdcddfdb72af4be4b2270ed29c855f7cf9691d970/openhermes-mixtral-8x7b-gptq/heurist-llm-576362771024-2024-05-13T00:55:18.998Z.json,s3://validator-history/0xdcddfdb72af4be4b2270ed29c855f7cf9691d970/openhermes-mixtral-8x7b-gptq/heurist-llm-384772628592-2024-05-23T08:38:47.091Z.json
0xc86a1d239ef35300af3a21f70a460c549778a50d,s3://validator-history/0xc86a1d239ef35300af3a21f70a460c549778a50d/openhermes-mixtral-8x7b-gptq/heurist-llm-254804667069-2024-05-13T00:57:19.873Z.json,
0x4b674da5e20067b8213263720d958b5e7abd7d8c,s3://validator-history/0x4b674da5e20067b8213263720d958b5e7abd7d8c/openhermes-mixtral-8x7b-gptq/heurist-llm-825749580867-2024-05-13T00:58:14.646Z.json,s3://validator-history/0x4b674da5e20067b8213263720d958b5e7abd7d8c/openhermes-mixtral-8x7b-gptq/heurist-llm-714269314338-2024-05-23T08:37:21.023Z.json
0x3740e9c0c652cc14fc5110a649b3d1c5bf21a42f,s3://validator-history/0x3740e9c0c652cc14fc5110a649b3d1c5bf21a42f/openhermes-mixtral-8x7b-gptq/heurist-llm-725765776876-2024-05-13T00:59:45.273Z.json,s3://validator-history/0x3740e9c0c652cc14fc5110a649b3d1c5bf21a42f/openhermes-mixtral-8x7b-gptq/heurist-llm-360546863279-2024-05-23T12:21:32.345Z.json
0x6de5c4c166f54fd6fb652bdedbc040577f351b1f,s3://validator-history/0x6de5c4c166f54fd6fb652bdedbc040577f351b1f/openhermes-mixtral-8x7b-gptq/heurist-llm-154777842178-2024-05-13T01:05:03.056Z.json,s3://validator-history/0x6de5c4c166f54fd6fb652bdedbc040577f351b1f/openhermes-mixtral-8x7b-gptq/heurist-llm-505521306470-2024-05-23T17:13:48.162Z.json
0x7f73f838c4f29385c6a56749c61e1b3364f1c1c1,s3://validator-history/0x7f73f838c4f29385c6a56749c61e1b3364f1c1c1/openhermes-mixtral-8x7b-gptq/heurist-llm-556714217204-2024-05-13T01:02:21.829Z.json,
0x9dc6ab68edea83c18cfe8c6038aa41c02488e9e6,s3://validator-history/0x9dc6ab68edea83c18cfe8c6038aa41c02488e9e6/openhermes-mixtral-8x7b-gptq/heurist-llm-569522276031-2024-05-13T01:05:45.116Z.json,s3://validator-history/0x9dc6ab68edea83c18cfe8c6038aa41c02488e9e6/openhermes-mixtral-8x7b-gptq/heurist-llm-215022779308-2024-05-23T15:25:28.388Z.json
0x1ad4d8f58ff27541d01628487542dc7d666e83dc,s3://validator-history/0x1ad4d8f58ff27541d01628487542dc7d666e83dc/openhermes-mixtral-8x7b-gptq/heurist-llm-576342471573-2024-05-13T01:08:23.098Z.json,s3://validator-history/0x1ad4d8f58ff27541d01628487542dc7d666e83dc/openhermes-mixtral-8x7b-gptq/heurist-llm-765281163920-2024-05-23T17:09:32.619Z.json
0xac66de582ea726b3efe193629d756c8b7d403ea3,s3://validator-history/0xac66de582ea726b3efe193629d756c8b7d403ea3/openhermes-mixtral-8x7b-gptq/heurist-llm-209788006576-2024-05-13T01:10:22.713Z.json,s3://validator-history/0xac66de582ea726b3efe193629d756c8b7d403ea3/openhermes-mixtral-8x7b-gptq/heurist-llm-963207639647-2024-05-23T10:36:47.919Z.json
0x45553f220ba43a298ef4a2c0126a31310ad25b84,s3://validator-history/0x45553f220ba43a298ef4a2c0126a31310ad25b84/openhermes-mixtral-8x7b-gptq/heurist-llm-263957146588-2024-05-13T01:09:57.608Z.json,s3://validator-history/0x45553f220ba43a298ef4a2c0126a31310ad25b84/openhermes-mixtral-8x7b-gptq/heurist-llm-727004402389-2024-05-23T13:07:51.483Z.json
0x617a31cb167fd92669f256948eb8de71ed4098f0,s3://validator-history/0x617a31cb167fd92669f256948eb8de71ed4098f0/openhermes-mixtral-8x7b-gptq/heurist-llm-870964369411-2024-05-13T01:22:40.326Z.json,s3://validator-history/0x617a31cb167fd92669f256948eb8de71ed4098f0/openhermes-mixtral-8x7b-gptq/heurist-llm-404597002583-2024-05-23T15:49:50.225Z.json
0xb9c88ee2cd6e00e05ad1ea6f99a3514babb84300,s3://validator-history/0xb9c88ee2cd6e00e05ad1ea6f99a3514babb84300/openhermes-mixtral-8x7b-gptq/heurist-llm-925404721084-2024-05-13T01:14:11.160Z.json,
0xaafabcd97758a8e9a257f807bebdf4dbf6dde699,s3://validator-history/0xaafabcd97758a8e9a257f807bebdf4dbf6dde699/openhermes-mixtral-8x7b-gptq/heurist-llm-965908530204-2024-05-13T01:15:34.465Z.json,s3://validator-history/0xaafabcd97758a8e9a257f807bebdf4dbf6dde699/openhermes-mixtral-8x7b-gptq/heurist-llm-819114830311-2024-05-23T09:14:21.229Z.json
0xa8e99dfecb0b837d917445c87d8663a2e12efd17,s3://validator-history/0xa8e99dfecb0b837d917445c87d8663a2e12efd17/openhermes-mixtral-8x7b-gptq/heurist-llm-500709365206-2024-05-13T01:16:57.396Z.json,s3://validator-history/0xa8e99dfecb0b837d917445c87d8663a2e12efd17/openhermes-mixtral-8x7b-gptq/heurist-llm-488553831672-2024-05-23T15:52:19.690Z.json
0x2d2cb8e680feb14467020086666b43cffbdd3cb3,s3://validator-history/0x2d2cb8e680feb14467020086666b43cffbdd3cb3/openhermes-mixtral-8x7b-gptq/heurist-llm-962937935229-2024-05-13T01:20:09.690Z.json,s3://validator-history/0x2d2cb8e680feb14467020086666b43cffbdd3cb3/openhermes-mixtral-8x7b-gptq/heurist-llm-515276421621-2024-05-23T09:27:25.286Z.json
0x2b43de1407e57596163428d14fe0ffbd2c9ec21c,s3://validator-history/0x2b43de1407e57596163428d14fe0ffbd2c9ec21c/openhermes-mixtral-8x7b-gptq/heurist-llm-888149392750-2024-05-13T01:22:28.748Z.json,s3://validator-history/0x2b43de1407e57596163428d14fe0ffbd2c9ec21c/openhermes-mixtral-8x7b-gptq/heurist-llm-105602764269-2024-05-23T13:24:39.106Z.json
0x7ac4bdd5686721bbbbd0d450c978818a9376869a,s3://validator-history/0x7ac4bdd5686721bbbbd0d450c978818a9376869a/openhermes-mixtral-8x7b-gptq/heurist-llm-534319117436-2024-05-13T01:21:51.008Z.json,s3://validator-history/0x7ac4bdd5686721bbbbd0d450c978818a9376869a/openhermes-mixtral-8x7b-gptq/heurist-llm-530291748258-2024-05-23T08:19:01.313Z.json
0xbb4ce31a3b71ee66f33366fa28b0840e3d3b042b,s3://validator-history/0xbb4ce31a3b71ee66f33366fa28b0840e3d3b042b/openhermes-mixtral-8x7b-gptq/heurist-llm-489729780687-2024-05-13T01:24:23.060Z.json,s3://validator-history/0xbb4ce31a3b71ee66f33366fa28b0840e3d3b042b/openhermes-mixtral-8x7b-gptq/heurist-llm-386405012802-2024-05-23T10:55:17.838Z.json
0x61d46fecc91d93c87735fd94ebfb5d1343b22f8d,s3://validator-history/0x61d46fecc91d93c87735fd94ebfb5d1343b22f8d/openhermes-mixtral-8x7b-gptq/heurist-llm-308644176691-2024-05-13T01:26:59.081Z.json,s3://validator-history/0x61d46fecc91d93c87735fd94ebfb5d1343b22f8d/openhermes-mixtral-8x7b-gptq/heurist-llm-139238214720-2024-05-23T17:04:04.203Z.json
0xc0bb6c9f3198bfcd9fc8a401de6a2f911b9057bc,s3://validator-history/0xc0bb6c9f3198bfcd9fc8a401de6a2f911b9057bc/openhermes-mixtral-8x7b-gptq/heurist-llm-602393697123-2024-05-13T01:30:11.512Z.json,s3://validator-history/0xc0bb6c9f3198bfcd9fc8a401de6a2f911b9057bc/openhermes-mixtral-8x7b-gptq/heurist-llm-514419198999-2024-05-23T11:43:17.744Z.json
0x042a69f1939c77fd4a4eaa321a9cc684f06c47c2,s3://validator-history/0x042a69f1939c77fd4a4eaa321a9cc684f06c47c2/openhermes-mixtral-8x7b-gptq/heurist-llm-363243827950-2024-05-13T01:32:46.176Z.json,
0x55d3bf16daeb9ab04fb7ab589b3925fd4f3db50d,s3://validator-history/0x55d3bf16daeb9ab04fb7ab589b3925fd4f3db50d/openhermes-mixtral-8x7b-gptq/heurist-llm-611241886553-2024-05-13T01:35:09.508Z.json,
0x660bfca9bc4925ac8dbf1e0c2dcebc20febd4bd0,s3://validator-history/0x660bfca9bc4925ac8dbf1e0c2dcebc20febd4bd0/openhermes-mixtral-8x7b-gptq/heurist-llm-505093292339-2024-05-13T01:35:38.882Z.json,s3://validator-history/0x660bfca9bc4925ac8dbf1e0c2dcebc20febd4bd0/openhermes-mixtral-8x7b-gptq/heurist-llm-554541919345-2024-05-23T15:12:25.505Z.json
0x30c958dcab153c7adae380582624186585727906,s3://validator-history/0x30c958dcab153c7adae380582624186585727906/openhermes-mixtral-8x7b-gptq/heurist-llm-796478677183-2024-05-13T01:36:23.826Z.json,s3://validator-history/0x30c958dcab153c7adae380582624186585727906/openhermes-mixtral-8x7b-gptq/heurist-llm-248226426298-2024-05-23T11:08:51.439Z.json
0xcc116cb9fc3afe9f3a3704eeca4233a31a978e30,s3://validator-history/0xcc116cb9fc3afe9f3a3704eeca4233a31a978e30/openhermes-mixtral-8x7b-gptq/heurist-llm-897304316481-2024-05-13T01:37:45.953Z.json,s3://validator-history/0xcc116cb9fc3afe9f3a3704eeca4233a31a978e30/openhermes-mixtral-8x7b-gptq/heurist-llm-315653616193-2024-05-23T08:03:38.986Z.json
0x65bdb40c4d474beea3584d74a70b5b7bdd778d5c,s3://validator-history/0x65bdb40c4d474beea3584d74a70b5b7bdd778d5c/openhermes-mixtral-8x7b-gptq/heurist-llm-684382592488-2024-05-13T01:40:23.742Z.json,s3://validator-history/0x65bdb40c4d474beea3584d74a70b5b7bdd778d5c/openhermes-mixtral-8x7b-gptq/heurist-llm-974767358217-2024-05-23T13:09:45.614Z.json
0x4b8fcaa7c817615728d934274bd4b251ab77e86e,s3://validator-history/0x4b8fcaa7c817615728d934274bd4b251ab77e86e/openhermes-mixtral-8x7b-gptq/heurist-llm-954721702477-2024-05-13T01:41:10.612Z.json,
0x0a2b71f4757ccf11707b3dc035fef55703cfb4cf,s3://validator-history/0x0a2b71f4757ccf11707b3dc035fef55703cfb4cf/openhermes-mixtral-8x7b-gptq/heurist-llm-198006871316-2024-05-13T01:42:47.217Z.json,
0xec92b9871165d586dd46d561da69611e9dd8f513,s3://validator-history/0xec92b9871165d586dd46d561da69611e9dd8f513/openhermes-mixtral-8x7b-gptq/heurist-llm-230373086677-2024-05-13T01:43:11.521Z.json,s3://validator-history/0xec92b9871165d586dd46d561da69611e9dd8f513/openhermes-mixtral-8x7b-gptq/heurist-llm-882495433354-2024-05-23T08:05:00.897Z.json
0x846fcd0bb9ea2187f60b66b44f3acfbdd192584d,s3://validator-history/0x846fcd0bb9ea2187f60b66b44f3acfbdd192584d/openhermes-mixtral-8x7b-gptq/heurist-llm-853218940512-2024-05-13T01:44:23.260Z.json,s3://validator-history/0x846fcd0bb9ea2187f60b66b44f3acfbdd192584d/openhermes-mixtral-8x7b-gptq/heurist-llm-160456852193-2024-05-23T13:04:50.625Z.json
0xb540306c2f00816a01b53ce4f6707d8b3a89e991,s3://validator-history/0xb540306c2f00816a01b53ce4f6707d8b3a89e991/openhermes-mixtral-8x7b-gptq/heurist-llm-907281230142-2024-05-13T01:45:27.627Z.json,
0xfed9cd61a03a14c4995cc91189a004a198e1c468,s3://validator-history/0xfed9cd61a03a14c4995cc91189a004a198e1c468/openhermes-mixtral-8x7b-gptq/heurist-llm-708500683739-2024-05-13T01:50:08.616Z.json,s3://validator-history/0xfed9cd61a03a14c4995cc91189a004a198e1c468/openhermes-mixtral-8x7b-gptq/heurist-llm-385188229845-2024-05-23T12:59:20.416Z.json
0x67934a7d942932286c5e5863827b2012426acdc3,s3://validator-history/0x67934a7d942932286c5e5863827b2012426acdc3/openhermes-mixtral-8x7b-gptq/heurist-llm-163242607706-2024-05-13T01:47:14.533Z.json,
0x9556954d412646d8b4cc020bd7494724855cc1a3,s3://validator-history/0x9556954d412646d8b4cc020bd7494724855cc1a3/openhermes-mixtral-8x7b-gptq/heurist-llm-962419546442-2024-05-13T01:49:08.677Z.json,s3://validator-history/0x9556954d412646d8b4cc020bd7494724855cc1a3/openhermes-mixtral-8x7b-gptq/heurist-llm-581692064391-2024-05-23T10:32:54.558Z.json
0x4dcbaeda4fbf2ba5b9c783095389b99759d55792,s3://validator-history/0x4dcbaeda4fbf2ba5b9c783095389b99759d55792/openhermes-mixtral-8x7b-gptq/heurist-llm-287209135227-2024-05-13T01:51:21.600Z.json,s3://validator-history/0x4dcbaeda4fbf2ba5b9c783095389b99759d55792/openhermes-mixtral-8x7b-gptq/heurist-llm-114028908438-2024-05-23T10:44:22.258Z.json
0xb4c7ee6a81c7c3d9ab754a9b47b7130ec4f4319e,s3://validator-history/0xb4c7ee6a81c7c3d9ab754a9b47b7130ec4f4319e/openhermes-mixtral-8x7b-gptq/heurist-llm-601849011187-2024-05-13T01:51:20.371Z.json,
0x6f2bbeb941ba4c6ceadb0fd78ad4d3b0b2f68370,s3://validator-history/0x6f2bbeb941ba4c6ceadb0fd78ad4d3b0b2f68370/openhermes-mixtral-8x7b-gptq/heurist-llm-717632461581-2024-05-13T01:51:31.837Z.json,
0xffbc75edb5de4795fc6116c81e6badaf9dbb29eb,s3://validator-history/0xffbc75edb5de4795fc6116c81e6badaf9dbb29eb/openhermes-mixtral-8x7b-gptq/heurist-llm-501831159864-2024-05-13T01:58:24.136Z.json,s3://validator-history/0xffbc75edb5de4795fc6116c81e6badaf9dbb29eb/openhermes-mixtral-8x7b-gptq/heurist-llm-158500527610-2024-05-23T18:20:14.666Z.json
0x055182471d8ac15887753d0358a22351e141331f,s3://validator-history/0x055182471d8ac15887753d0358a22351e141331f/openhermes-mixtral-8x7b-gptq/heurist-llm-715181806156-2024-05-13T01:55:49.552Z.json,
0x08df372ad99a1729fcdcbd5cd6f761da818be83f,s3://validator-history/0x08df372ad99a1729fcdcbd5cd6f761da818be83f/openhermes-mixtral-8x7b-gptq/heurist-llm-718060525549-2024-05-13T01:56:37.985Z.json,
0x1d07d2fd3d398cefef69bd64ee57c86e6e6f4b09,s3://validator-history/0x1d07d2fd3d398cefef69bd64ee57c86e6e6f4b09/openhermes-mixtral-8x7b-gptq/heurist-llm-964829703862-2024-05-13T01:58:53.570Z.json,s3://validator-history/0x1d07d2fd3d398cefef69bd64ee57c86e6e6f4b09/openhermes-mixtral-8x7b-gptq/heurist-llm-491186314944-2024-05-23T16:22:02.580Z.json
0x5b1a330a83991e80f235880da6f36b1c7e3c5c9f,s3://validator-history/0x5b1a330a83991e80f235880da6f36b1c7e3c5c9f/openhermes-mixtral-8x7b-gptq/heurist-llm-672745175156-2024-05-13T01:58:47.839Z.json,s3://validator-history/0x5b1a330a83991e80f235880da6f36b1c7e3c5c9f/openhermes-mixtral-8x7b-gptq/heurist-llm-647115627646-2024-05-23T08:28:53.538Z.json
0x2f013dd3c3b5ea40a8dbb807b332995cd9901802,s3://validator-history/0x2f013dd3c3b5ea40a8dbb807b332995cd9901802/openhermes-mixtral-8x7b-gptq/heurist-llm-728467269668-2024-05-13T01:59:34.456Z.json,s3://validator-history/0x2f013dd3c3b5ea40a8dbb807b332995cd9901802/openhermes-mixtral-8x7b-gptq/heurist-llm-487000873237-2024-05-23T09:27:36.285Z.json
0x41744b99666732d6660425ac9202fcea62c83f7e,s3://validator-history/0x41744b99666732d6660425ac9202fcea62c83f7e/openhermes-mixtral-8x7b-gptq/heurist-llm-297840292085-2024-05-13T02:00:40.235Z.json,
0xbc030e04f2915b2cbf776090b2fd21b4bccd1842,s3://validator-history/0xbc030e04f2915b2cbf776090b2fd21b4bccd1842/openhermes-mixtral-8x7b-gptq/heurist-llm-930805936097-2024-05-13T02:05:09.502Z.json,
0x9e53c803f72286f396b353fd6c060b8ad500cc46,s3://validator-history/0x9e53c803f72286f396b353fd6c060b8ad500cc46/openhermes-mixtral-8x7b-gptq/heurist-llm-405124859232-2024-05-13T02:06:01.502Z.json,s3://validator-history/0x9e53c803f72286f396b353fd6c060b8ad500cc46/openhermes-mixtral-8x7b-gptq/heurist-llm-687935931020-2024-05-23T09:35:17.057Z.json
0xd7aef90ee6d1a20834b0a013602aec79d6563381,s3://validator-history/0xd7aef90ee6d1a20834b0a013602aec79d6563381/openhermes-mixtral-8x7b-gptq/heurist-llm-768346210891-2024-05-13T02:07:18.663Z.json,s3://validator-history/0xd7aef90ee6d1a20834b0a013602aec79d6563381/openhermes-mixtral-8x7b-gptq/heurist-llm-666711324364-2024-05-23T14:50:03.579Z.json
0xb8b4fe91ab32ef3aa88e34f5847f9c60d3798af4,s3://validator-history/0xb8b4fe91ab32ef3aa88e34f5847f9c60d3798af4/openhermes-mixtral-8x7b-gptq/heurist-llm-174343945403-2024-05-13T02:09:11.874Z.json,
0x6ece1fe72780f3a79a0cfdcfb5671f7d1e358b95,s3://validator-history/0x6ece1fe72780f3a79a0cfdcfb5671f7d1e358b95/openhermes-mixtral-8x7b-gptq/heurist-llm-261001077098-2024-05-13T02:10:42.807Z.json,
0xad7101b5b5c63294523e3d95c5514a7ae11469cb,s3://validator-history/0xad7101b5b5c63294523e3d95c5514a7ae11469cb/openhermes-mixtral-8x7b-gptq/heurist-llm-752867624110-2024-05-13T02:13:01.043Z.json,s3://validator-history/0xad7101b5b5c63294523e3d95c5514a7ae11469cb/openhermes-mixtral-8x7b-gptq/heurist-llm-474067109820-2024-05-23T09:26:58.268Z.json
0xf1d299afacd9ef62e1df1497fa79dc7352be0597,s3://validator-history/0xf1d299afacd9ef62e1df1497fa79dc7352be0597/openhermes-mixtral-8x7b-gptq/heurist-llm-996014034559-2024-05-13T02:13:32.457Z.json,s3://validator-history/0xf1d299afacd9ef62e1df1497fa79dc7352be0597/openhermes-mixtral-8x7b-gptq/heurist-llm-218616547951-2024-05-23T15:21:43.990Z.json
0xe1ab873dd689938852bbc9ba6aa77eb31e9e19fb,s3://validator-history/0xe1ab873dd689938852bbc9ba6aa77eb31e9e19fb/openhermes-mixtral-8x7b-gptq/heurist-llm-159705969762-2024-05-13T02:16:36.779Z.json,s3://validator-history/0xe1ab873dd689938852bbc9ba6aa77eb31e9e19fb/openhermes-mixtral-8x7b-gptq/heurist-llm-742550222881-2024-05-23T09:36:10.103Z.json
0x7af4579cbe1135d7b92b88d5dfb5ffbb6091b6ba,s3://validator-history/0x7af4579cbe1135d7b92b88d5dfb5ffbb6091b6ba/openhermes-mixtral-8x7b-gptq/heurist-llm-468116419020-2024-05-13T02:16:36.881Z.json,
0xb515b581567d3f1901f6c6aa5a68b89f6048f857,s3://validator-history/0xb515b581567d3f1901f6c6aa5a68b89f6048f857/openhermes-mixtral-8x7b-gptq/heurist-llm-715793045564-2024-05-13T02:18:16.132Z.json,
0x936fb2c30152e6363b07287e73b27db76489d6c7,s3://validator-history/0x936fb2c30152e6363b07287e73b27db76489d6c7/openhermes-mixtral-8x7b-gptq/heurist-llm-203258618495-2024-05-13T02:19:05.519Z.json,s3://validator-history/0x936fb2c30152e6363b07287e73b27db76489d6c7/openhermes-mixtral-8x7b-gptq/heurist-llm-934010830083-2024-05-23T12:07:25.206Z.json
0xc63c7c3c6b20f3d5dd2e4f5a2e2742cd06fc2ca4,s3://validator-history/0xc63c7c3c6b20f3d5dd2e4f5a2e2742cd06fc2ca4/openhermes-mixtral-8x7b-gptq/heurist-llm-775310502021-2024-05-13T02:20:10.964Z.json,
0x7788c1df906a215eea28ac2ee870946e0ed3d994,s3://validator-history/0x7788c1df906a215eea28ac2ee870946e0ed3d994/openhermes-mixtral-8x7b-gptq/heurist-llm-294074959412-2024-05-13T02:20:47.054Z.json,
0x90cb17be35ec991be9e10aed0120ff75849de69d,s3://validator-history/0x90cb17be35ec991be9e10aed0120ff75849de69d/openhermes-mixtral-8x7b-gptq/heurist-llm-190540521090-2024-05-13T02:27:12.964Z.json,s3://validator-history/0x90cb17be35ec991be9e10aed0120ff75849de69d/openhermes-mixtral-8x7b-gptq/heurist-llm-948271370790-2024-05-23T11:09:30.334Z.json
0xaafe6ada80ad0d070e20e64ee1971e1d4ca9c8b8,s3://validator-history/0xaafe6ada80ad0d070e20e64ee1971e1d4ca9c8b8/openhermes-mixtral-8x7b-gptq/heurist-llm-329448877021-2024-05-13T02:25:47.867Z.json,s3://validator-history/0xaafe6ada80ad0d070e20e64ee1971e1d4ca9c8b8/openhermes-mixtral-8x7b-gptq/heurist-llm-164395371731-2024-05-23T15:43:14.932Z.json
0x3ed181e3536f8eb709f2bfdaeb393fe4d2224eef,s3://validator-history/0x3ed181e3536f8eb709f2bfdaeb393fe4d2224eef/openhermes-mixtral-8x7b-gptq/heurist-llm-635775578385-2024-05-13T02:28:49.739Z.json,
0x4075187afc281ccb58016606ec4f3302ec734689,s3://validator-history/0x4075187afc281ccb58016606ec4f3302ec734689/openhermes-mixtral-8x7b-gptq/heurist-llm-346324380954-2024-05-13T02:33:06.761Z.json,s3://validator-history/0x4075187afc281ccb58016606ec4f3302ec734689/openhermes-mixtral-8x7b-gptq/heurist-llm-173591939683-2024-05-23T12:33:06.590Z.json
0x4428c888431028f21907f440cbdca29fa17372a2,s3://validator-history/0x4428c888431028f21907f440cbdca29fa17372a2/openhermes-mixtral-8x7b-gptq/heurist-llm-186547113574-2024-05-13T02:28:31.731Z.json,s3://validator-history/0x4428c888431028f21907f440cbdca29fa17372a2/openhermes-mixtral-8x7b-gptq/heurist-llm-262001517985-2024-05-23T14:06:15.611Z.json
0x71c092f3728eb3185e135b2ceba79f6a5a84ee07,s3://validator-history/0x71c092f3728eb3185e135b2ceba79f6a5a84ee07/openhermes-mixtral-8x7b-gptq/heurist-llm-315664353150-2024-05-13T02:31:07.478Z.json,
0xf74c46ac1ed250a85a1aed4994d6e52686b440cf,s3://validator-history/0xf74c46ac1ed250a85a1aed4994d6e52686b440cf/openhermes-mixtral-8x7b-gptq/heurist-llm-447364161074-2024-05-13T02:32:25.233Z.json,
0xc57c8ffec4e1c6615ee6eebc4a340d2df69902f0,s3://validator-history/0xc57c8ffec4e1c6615ee6eebc4a340d2df69902f0/openhermes-mixtral-8x7b-gptq/heurist-llm-470706623226-2024-05-13T02:36:04.106Z.json,s3://validator-history/0xc57c8ffec4e1c6615ee6eebc4a340d2df69902f0/openhermes-mixtral-8x7b-gptq/heurist-llm-411631009293-2024-05-23T16:58:12.081Z.json
0x92c8e32075bbd92a1001040bbe8a8e92105707dc,s3://validator-history/0x92c8e32075bbd92a1001040bbe8a8e92105707dc/openhermes-mixtral-8x7b-gptq/heurist-llm-366974398220-2024-05-13T02:33:41.904Z.json,s3://validator-history/0x92c8e32075bbd92a1001040bbe8a8e92105707dc/openhermes-mixtral-8x7b-gptq/heurist-llm-162655608216-2024-05-23T11:44:22.193Z.json
0x82552cd6e905b6bf79c0c0029dd56d226a28434a,s3://validator-history/0x82552cd6e905b6bf79c0c0029dd56d226a28434a/openhermes-mixtral-8x7b-gptq/heurist-llm-456638613869-2024-05-13T02:35:17.048Z.json,s3://validator-history/0x82552cd6e905b6bf79c0c0029dd56d226a28434a/openhermes-mixtral-8x7b-gptq/heurist-llm-808092474453-2024-05-23T17:03:58.608Z.json
0x8c447d141eec25ff4f46c8dac6a31ea7af1ff020,s3://validator-history/0x8c447d141eec25ff4f46c8dac6a31ea7af1ff020/openhermes-mixtral-8x7b-gptq/heurist-llm-770361695545-2024-05-13T02:37:28.894Z.json,s3://validator-history/0x8c447d141eec25ff4f46c8dac6a31ea7af1ff020/openhermes-mixtral-8x7b-gptq/heurist-llm-818275636116-2024-05-23T12:47:21.227Z.json
0xcffb16b46eaadc5a4db34875f1e14220567366dd-df1bb0,s3://validator-history/0xcffb16b46eaadc5a4db34875f1e14220567366dd-df1bb0/openhermes-mixtral-8x7b-gptq/heurist-llm-772226002347-2024-05-13T02:40:08.827Z.json,
0xa2fcf34e31dabda738eff1e5f2b86ecbf38a17c7,s3://validator-history/0xa2fcf34e31dabda738eff1e5f2b86ecbf38a17c7/openhermes-mixtral-8x7b-gptq/heurist-llm-855653963487-2024-05-13T02:41:28.295Z.json,
0x7c4fdbe4736569cf689605386b39bfc64a9e11c7,s3://validator-history/0x7c4fdbe4736569cf689605386b39bfc64a9e11c7/openhermes-mixtral-8x7b-gptq/heurist-llm-376082734565-2024-05-13T02:42:41.301Z.json,s3://validator-history/0x7c4fdbe4736569cf689605386b39bfc64a9e11c7/openhermes-mixtral-8x7b-gptq/heurist-llm-556835288308-2024-05-23T12:49:25.137Z.json
0xb6f05df73b2db5f0a09c73630ff387312ebd7583,s3://validator-history/0xb6f05df73b2db5f0a09c73630ff387312ebd7583/openhermes-mixtral-8x7b-gptq/heurist-llm-765802490113-2024-05-13T02:44:46.166Z.json,
0x1f64fa1614c759448943eb0001a176b56b87451d,s3://validator-history/0x1f64fa1614c759448943eb0001a176b56b87451d/openhermes-mixtral-8x7b-gptq/heurist-llm-348625236042-2024-05-13T02:46:33.893Z.json,
0x3bc6fba4646e062743330833d1511ca966cb9f62,s3://validator-history/0x3bc6fba4646e062743330833d1511ca966cb9f62/openhermes-mixtral-8x7b-gptq/heurist-llm-782527839284-2024-05-13T02:51:30.318Z.json,s3://validator-history/0x3bc6fba4646e062743330833d1511ca966cb9f62/openhermes-mixtral-8x7b-gptq/heurist-llm-929812423173-2024-05-23T16:05:34.726Z.json
0x9e912ea1fedb4b261545be0f7280b24e53f22e6d,s3://validator-history/0x9e912ea1fedb4b261545be0f7280b24e53f22e6d/openhermes-mixtral-8x7b-gptq/heurist-llm-835265752908-2024-05-13T02:49:24.286Z.json,
0xf119745f50f1f7a8124946b62c42cbee62f12975,s3://validator-history/0xf119745f50f1f7a8124946b62c42cbee62f12975/openhermes-mixtral-8x7b-gptq/heurist-llm-244015735710-2024-05-13T02:54:05.867Z.json,
0x516116e548c28fdd4df4a576af3109a8df86c8d2,s3://validator-history/0x516116e548c28fdd4df4a576af3109a8df86c8d2/openhermes-mixtral-8x7b-gptq/heurist-llm-314757615969-2024-05-13T02:53:01.049Z.json,s3://validator-history/0x516116e548c28fdd4df4a576af3109a8df86c8d2/openhermes-mixtral-8x7b-gptq/heurist-llm-246058716123-2024-05-23T11:52:14.257Z.json
0x50da4613eeffd35841dcdb4e476f82cf67824449,s3://validator-history/0x50da4613eeffd35841dcdb4e476f82cf67824449/openhermes-mixtral-8x7b-gptq/heurist-llm-616624985431-2024-05-13T02:54:53.517Z.json,s3://validator-history/0x50da4613eeffd35841dcdb4e476f82cf67824449/openhermes-mixtral-8x7b-gptq/heurist-llm-784768549132-2024-05-23T11:11:29.688Z.json
0xf3a37caa199ceb9c43e1341ada4210beab86f4a4,s3://validator-history/0xf3a37caa199ceb9c43e1341ada4210beab86f4a4/openhermes-mixtral-8x7b-gptq/heurist-llm-904224633820-2024-05-13T02:57:29.433Z.json,
0xd18005a788f17e38d554013fdb64d8e1bcc31993,s3://validator-history/0xd18005a788f17e38d554013fdb64d8e1bcc31993/openhermes-mixtral-8x7b-gptq/heurist-llm-446050559467-2024-05-13T02:56:59.539Z.json,s3://validator-history/0xd18005a788f17e38d554013fdb64d8e1bcc31993/openhermes-mixtral-8x7b-gptq/heurist-llm-591116414205-2024-05-23T17:51:42.658Z.json
0x184cda74144e960d1927db10adb3ef23b2ffac88,s3://validator-history/0x184cda74144e960d1927db10adb3ef23b2ffac88/openhermes-mixtral-8x7b-gptq/heurist-llm-226890049284-2024-05-13T02:59:09.735Z.json,
0x95cd4d9e1e0b03b63be02236474046be01ef78bb,s3://validator-history/0x95cd4d9e1e0b03b63be02236474046be01ef78bb/openhermes-mixtral-8x7b-gptq/heurist-llm-303658858405-2024-05-13T03:00:08.593Z.json,s3://validator-history/0x95cd4d9e1e0b03b63be02236474046be01ef78bb/openhermes-mixtral-8x7b-gptq/heurist-llm-918189342721-2024-05-23T09:55:05.316Z.json
0xc6378fcd19857e9fff661c2f3000e020fbf4d15c,s3://validator-history/0xc6378fcd19857e9fff661c2f3000e020fbf4d15c/openhermes-mixtral-8x7b-gptq/heurist-llm-560257748025-2024-05-13T03:07:10.452Z.json,s3://validator-history/0xc6378fcd19857e9fff661c2f3000e020fbf4d15c/openhermes-mixtral-8x7b-gptq/heurist-llm-784129799554-2024-05-23T11:36:51.886Z.json
0x19bd3442756264aa28fe56a3d5b1c84e7482bc04,s3://validator-history/0x19bd3442756264aa28fe56a3d5b1c84e7482bc04/openhermes-mixtral-8x7b-gptq/heurist-llm-429422486073-2024-05-13T03:04:40.822Z.json,s3://validator-history/0x19bd3442756264aa28fe56a3d5b1c84e7482bc04/openhermes-mixtral-8x7b-gptq/heurist-llm-913080769358-2024-05-23T15:51:10.754Z.json
0x4cc6c0ea2c100b76ac9b715f27e23027ca373a47,s3://validator-history/0x4cc6c0ea2c100b76ac9b715f27e23027ca373a47/openhermes-mixtral-8x7b-gptq/heurist-llm-914689958735-2024-05-13T03:08:32.080Z.json,s3://validator-history/0x4cc6c0ea2c100b76ac9b715f27e23027ca373a47/openhermes-mixtral-8x7b-gptq/heurist-llm-976495530251-2024-05-23T14:58:37.517Z.json
0x06b8740a680521b2be9a874ea298f6229776ffdc,s3://validator-history/0x06b8740a680521b2be9a874ea298f6229776ffdc/openhermes-mixtral-8x7b-gptq/heurist-llm-674456782885-2024-05-13T03:06:40.720Z.json,s3://validator-history/0x06b8740a680521b2be9a874ea298f6229776ffdc/openhermes-mixtral-8x7b-gptq/heurist-llm-883650289246-2024-05-23T17:50:16.405Z.json
0x4921710866890f679c262fc7906cfc95886f6b96,s3://validator-history/0x4921710866890f679c262fc7906cfc95886f6b96/openhermes-mixtral-8x7b-gptq/heurist-llm-437977821462-2024-05-13T03:09:14.153Z.json,s3://validator-history/0x4921710866890f679c262fc7906cfc95886f6b96/openhermes-mixtral-8x7b-gptq/heurist-llm-787126834804-2024-05-23T09:11:43.148Z.json
0x108cadc3572724cb0101f6023d3c3ce15edcb367,s3://validator-history/0x108cadc3572724cb0101f6023d3c3ce15edcb367/openhermes-mixtral-8x7b-gptq/heurist-llm-796200292643-2024-05-13T03:11:29.957Z.json,
0xe2c2c5e47863257ef52e8d3f01c7bcc8987fcf61,s3://validator-history/0xe2c2c5e47863257ef52e8d3f01c7bcc8987fcf61/openhermes-mixtral-8x7b-gptq/heurist-llm-799791753313-2024-05-13T03:13:30.327Z.json,s3://validator-history/0xe2c2c5e47863257ef52e8d3f01c7bcc8987fcf61/openhermes-mixtral-8x7b-gptq/heurist-llm-455031522784-2024-05-23T10:57:17.616Z.json
0x00c81cb6f9c04b44d54c39876d82aa7eeadad903,s3://validator-history/0x00c81cb6f9c04b44d54c39876d82aa7eeadad903/openhermes-mixtral-8x7b-gptq/heurist-llm-532031072083-2024-05-13T03:15:43.105Z.json,
0xf502a1a4a04a98228d20b6d440deba559dc8b248,s3://validator-history/0xf502a1a4a04a98228d20b6d440deba559dc8b248/openhermes-mixtral-8x7b-gptq/heurist-llm-437283193920-2024-05-13T03:18:52.330Z.json,s3://validator-history/0xf502a1a4a04a98228d20b6d440deba559dc8b248/openhermes-mixtral-8x7b-gptq/heurist-llm-347265469531-2024-05-23T08:43:52.077Z.json
0xc104c24768f3480d228016bef2dff77b04d32ae8,s3://validator-history/0xc104c24768f3480d228016bef2dff77b04d32ae8/openhermes-mixtral-8x7b-gptq/heurist-llm-989017022425-2024-05-13T03:20:17.946Z.json,s3://validator-history/0xc104c24768f3480d228016bef2dff77b04d32ae8/openhermes-mixtral-8x7b-gptq/heurist-llm-684455194854-2024-05-23T15:53:36.694Z.json
0x8eb304b82e90e08870411c72276d7875066014f3,s3://validator-history/0x8eb304b82e90e08870411c72276d7875066014f3/openhermes-mixtral-8x7b-gptq/heurist-llm-787950324119-2024-05-13T03:22:49.501Z.json,
0x664f44b1f5ced3546f330fcd8a727a6ab6ac05a0,s3://validator-history/0x664f44b1f5ced3546f330fcd8a727a6ab6ac05a0/openhermes-mixtral-8x7b-gptq/heurist-llm-709155425050-2024-05-13T03:26:11.660Z.json,s3://validator-history/0x664f44b1f5ced3546f330fcd8a727a6ab6ac05a0/openhermes-mixtral-8x7b-gptq/heurist-llm-903425146838-2024-05-23T12:55:28.411Z.json
0xd67fffc405289f9f651f801ad544601b8f8eb350,s3://validator-history/0xd67fffc405289f9f651f801ad544601b8f8eb350/openhermes-mixtral-8x7b-gptq/heurist-llm-983966316404-2024-05-13T03:27:13.006Z.json,
0x19ebe902e57d34587ca947b89b913733182eb38a,s3://validator-history/0x19ebe902e57d34587ca947b89b913733182eb38a/openhermes-mixtral-8x7b-gptq/heurist-llm-788644186799-2024-05-13T03:29:31.028Z.json,s3://validator-history/0x19ebe902e57d34587ca947b89b913733182eb38a/openhermes-mixtral-8x7b-gptq/heurist-llm-213677664913-2024-05-23T19:09:13.239Z.json
0x13d57f7e38e138f5d811df450a01d58870a015f1,s3://validator-history/0x13d57f7e38e138f5d811df450a01d58870a015f1/openhermes-mixtral-8x7b-gptq/heurist-llm-257597592240-2024-05-13T03:31:53.486Z.json,
0x751eb05dbe048ee5cddadb275392cc41bc33a03b,s3://validator-history/0x751eb05dbe048ee5cddadb275392cc41bc33a03b/openhermes-mixtral-8x7b-gptq/heurist-llm-489484047819-2024-05-13T03:31:29.744Z.json,s3://validator-history/0x751eb05dbe048ee5cddadb275392cc41bc33a03b/openhermes-mixtral-8x7b-gptq/heurist-llm-514261442685-2024-05-23T14:13:58.308Z.json
0x7f967730813e6a72c87ac793d9ca4f64c1f85cfa,s3://validator-history/0x7f967730813e6a72c87ac793d9ca4f64c1f85cfa/openhermes-mixtral-8x7b-gptq/heurist-llm-764213073513-2024-05-13T03:35:11.954Z.json,s3://validator-history/0x7f967730813e6a72c87ac793d9ca4f64c1f85cfa/openhermes-mixtral-8x7b-gptq/heurist-llm-391649029894-2024-05-23T13:56:34.767Z.json
0x6be4124a6eb88eee88b19570fb3fd490a745d306,s3://validator-history/0x6be4124a6eb88eee88b19570fb3fd490a745d306/openhermes-mixtral-8x7b-gptq/heurist-llm-454676034834-2024-05-13T03:35:58.969Z.json,s3://validator-history/0x6be4124a6eb88eee88b19570fb3fd490a745d306/openhermes-mixtral-8x7b-gptq/heurist-llm-517780571783-2024-05-23T13:47:56.051Z.json
0x3fbe811eedc58ac18de6079d4acbfd8d3cc21f75,s3://validator-history/0x3fbe811eedc58ac18de6079d4acbfd8d3cc21f75/openhermes-mixtral-8x7b-gptq/heurist-llm-430545524741-2024-05-13T03:38:46.514Z.json,s3://validator-history/0x3fbe811eedc58ac18de6079d4acbfd8d3cc21f75/openhermes-mixtral-8x7b-gptq/heurist-llm-271444436463-2024-05-23T11:28:51.102Z.json
0x2687a6ad6323a382f5ffcc8e880ceafeb76876c8,s3://validator-history/0x2687a6ad6323a382f5ffcc8e880ceafeb76876c8/openhermes-mixtral-8x7b-gptq/heurist-llm-307818330384-2024-05-13T03:38:58.290Z.json,s3://validator-history/0x2687a6ad6323a382f5ffcc8e880ceafeb76876c8/openhermes-mixtral-8x7b-gptq/heurist-llm-417057439591-2024-05-23T16:25:36.423Z.json
0x49acaa3c9fb4b1891950f014935da59114c79ebc,s3://validator-history/0x49acaa3c9fb4b1891950f014935da59114c79ebc/openhermes-mixtral-8x7b-gptq/heurist-llm-396215253328-2024-05-13T03:40:52.447Z.json,
0xda1cd404501caed13378f1a0b4cb379041951329,s3://validator-history/0xda1cd404501caed13378f1a0b4cb379041951329/openhermes-mixtral-8x7b-gptq/heurist-llm-453016703657-2024-05-13T03:43:33.669Z.json,s3://validator-history/0xda1cd404501caed13378f1a0b4cb379041951329/openhermes-mixtral-8x7b-gptq/heurist-llm-941466474177-2024-05-23T08:54:38.622Z.json
0xb68114ebb4b8d61becc76e8c5048407e0b934ea2,s3://validator-history/0xb68114ebb4b8d61becc76e8c5048407e0b934ea2/openhermes-mixtral-8x7b-gptq/heurist-llm-775995538967-2024-05-13T03:50:19.384Z.json,
0xfb1e0355c6513826711793b6dcab75ffdd378f0f,s3://validator-history/0xfb1e0355c6513826711793b6dcab75ffdd378f0f/openhermes-mixtral-8x7b-gptq/heurist-llm-245434061317-2024-05-13T03:45:21.394Z.json,
0x66cc08da57408a1f23ef2b3853010ef165b6881d,s3://validator-history/0x66cc08da57408a1f23ef2b3853010ef165b6881d/openhermes-mixtral-8x7b-gptq/heurist-llm-833862060275-2024-05-13T03:48:01.940Z.json,s3://validator-history/0x66cc08da57408a1f23ef2b3853010ef165b6881d/openhermes-mixtral-8x7b-gptq/heurist-llm-204735640451-2024-05-23T15:15:34.427Z.json
0x135fbabd7b56edb6b853a1c1c0d6cd84504fe32b,s3://validator-history/0x135fbabd7b56edb6b853a1c1c0d6cd84504fe32b/openhermes-mixtral-8x7b-gptq/heurist-llm-829734504903-2024-05-13T03:51:30.794Z.json,s3://validator-history/0x135fbabd7b56edb6b853a1c1c0d6cd84504fe32b/openhermes-mixtral-8x7b-gptq/heurist-llm-345686469910-2024-05-23T17:29:34.966Z.json
0x9797e67df86ae95d199516eec26abceccbeefa31,s3://validator-history/0x9797e67df86ae95d199516eec26abceccbeefa31/openhermes-mixtral-8x7b-gptq/heurist-llm-456176742809-2024-05-13T03:52:47.377Z.json,
0xfca43f074f4d450da461cb97f1f7f165da683770,s3://validator-history/0xfca43f074f4d450da461cb97f1f7f165da683770/openhermes-mixtral-8x7b-gptq/heurist-llm-132761163199-2024-05-13T03:52:06.101Z.json,
0x20412dd7da3a3b5860696dd834094512662ed677,s3://validator-history/0x20412dd7da3a3b5860696dd834094512662ed677/openhermes-mixtral-8x7b-gptq/heurist-llm-397068024518-2024-05-13T03:59:37.619Z.json,s3://validator-history/0x20412dd7da3a3b5860696dd834094512662ed677/openhermes-mixtral-8x7b-gptq/heurist-llm-428361592540-2024-05-23T08:27:38.579Z.json
0x9ca58c6aeb0e5e8b2a5ff728c895042d66ea13dd,s3://validator-history/0x9ca58c6aeb0e5e8b2a5ff728c895042d66ea13dd/openhermes-mixtral-8x7b-gptq/heurist-llm-157667898759-2024-05-13T04:01:12.388Z.json,s3://validator-history/0x9ca58c6aeb0e5e8b2a5ff728c895042d66ea13dd/openhermes-mixtral-8x7b-gptq/heurist-llm-275576378387-2024-05-23T17:25:56.814Z.json
0xfc0b0a61a86d6d907dd0817086973881814b67f8,s3://validator-history/0xfc0b0a61a86d6d907dd0817086973881814b67f8/openhermes-mixtral-8x7b-gptq/heurist-llm-344059717549-2024-05-13T04:01:18.731Z.json,
0x3cec67e812b6896420ac090f71764a1481800368,s3://validator-history/0x3cec67e812b6896420ac090f71764a1481800368/openhermes-mixtral-8x7b-gptq/heurist-llm-905555461437-2024-05-13T04:02:40.803Z.json,
0xee4a80b0dfef345d413ed59174fdcd918008bcd2,s3://validator-history/0xee4a80b0dfef345d413ed59174fdcd918008bcd2/openhermes-mixtral-8x7b-gptq/heurist-llm-979798669711-2024-05-13T04:04:15.992Z.json,s3://validator-history/0xee4a80b0dfef345d413ed59174fdcd918008bcd2/openhermes-mixtral-8x7b-gptq/heurist-llm-594631401433-2024-05-23T15:06:20.386Z.json
0x64c855cd68194bfa6f93b22f2d7a6c6f151ee74e,s3://validator-history/0x64c855cd68194bfa6f93b22f2d7a6c6f151ee74e/openhermes-mixtral-8x7b-gptq/heurist-llm-633593940114-2024-05-13T04:05:23.412Z.json,s3://validator-history/0x64c855cd68194bfa6f93b22f2d7a6c6f151ee74e/openhermes-mixtral-8x7b-gptq/heurist-llm-391453299924-2024-05-23T09:39:55.081Z.json
0x3ec20fee32240031f6d458457d4526e5393bccc5,s3://validator-history/0x3ec20fee32240031f6d458457d4526e5393bccc5/openhermes-mixtral-8x7b-gptq/heurist-llm-543350073083-2024-05-13T04:07:47.989Z.json,s3://validator-history/0x3ec20fee32240031f6d458457d4526e5393bccc5/openhermes-mixtral-8x7b-gptq/heurist-llm-533674285724-2024-05-23T16:43:39.190Z.json
0xc9c38fd55486aceecf2499c92e2ad0b633ccfbfe,s3://validator-history/0xc9c38fd55486aceecf2499c92e2ad0b633ccfbfe/openhermes-mixtral-8x7b-gptq/heurist-llm-855937532701-2024-05-13T04:07:54.211Z.json,s3://validator-history/0xc9c38fd55486aceecf2499c92e2ad0b633ccfbfe/openhermes-mixtral-8x7b-gptq/heurist-llm-277968256298-2024-05-23T08:36:00.728Z.json
0xdb61d53a6260a631d6647837f618cbc6eb89adfe,s3://validator-history/0xdb61d53a6260a631d6647837f618cbc6eb89adfe/openhermes-mixtral-8x7b-gptq/heurist-llm-504007747103-2024-05-13T04:11:58.277Z.json,
0x0b491987bdc39671d1e0fe9ecbf80430c327eb57,s3://validator-history/0x0b491987bdc39671d1e0fe9ecbf80430c327eb57/openhermes-mixtral-8x7b-gptq/heurist-llm-605594226017-2024-05-13T04:15:18.936Z.json,s3://validator-history/0x0b491987bdc39671d1e0fe9ecbf80430c327eb57/openhermes-mixtral-8x7b-gptq/heurist-llm-409312979428-2024-05-23T13:07:40.541Z.json
0x2a59eba797d23ec678a45be8846c99dd21f26b49,s3://validator-history/0x2a59eba797d23ec678a45be8846c99dd21f26b49/openhermes-mixtral-8x7b-gptq/heurist-llm-828752373293-2024-05-13T04:16:12.647Z.json,s3://validator-history/0x2a59eba797d23ec678a45be8846c99dd21f26b49/openhermes-mixtral-8x7b-gptq/heurist-llm-229983575411-2024-05-23T17:51:05.117Z.json
0x74f6ee9ec60a8d1af22d4c7f7de5526216d03321,s3://validator-history/0x74f6ee9ec60a8d1af22d4c7f7de5526216d03321/openhermes-mixtral-8x7b-gptq/heurist-llm-215595201346-2024-05-13T04:22:54.033Z.json,s3://validator-history/0x74f6ee9ec60a8d1af22d4c7f7de5526216d03321/openhermes-mixtral-8x7b-gptq/heurist-llm-134843927236-2024-05-23T15:09:58.566Z.json
0xcfcd2f9046e42fd57598bd1210fcab2b84269427,s3://validator-history/0xcfcd2f9046e42fd57598bd1210fcab2b84269427/openhermes-mixtral-8x7b-gptq/heurist-llm-895286884143-2024-05-13T04:17:17.796Z.json,s3://validator-history/0xcfcd2f9046e42fd57598bd1210fcab2b84269427/openhermes-mixtral-8x7b-gptq/heurist-llm-467626793833-2024-05-23T17:55:37.211Z.json
0x2c03afff8d29bd5ee50469a89dce93a615fbd4f3,s3://validator-history/0x2c03afff8d29bd5ee50469a89dce93a615fbd4f3/openhermes-mixtral-8x7b-gptq/heurist-llm-601466230691-2024-05-13T04:19:25.388Z.json,
0x84bc67f6d4547eb52b8381201f0df7f7a9434a04,s3://validator-history/0x84bc67f6d4547eb52b8381201f0df7f7a9434a04/openhermes-mixtral-8x7b-gptq/heurist-llm-119330832953-2024-05-13T04:26:15.772Z.json,s3://validator-history/0x84bc67f6d4547eb52b8381201f0df7f7a9434a04/openhermes-mixtral-8x7b-gptq/heurist-llm-682966062382-2024-05-23T15:57:24.638Z.json
0x7e203a779613469b0de26fafc985ab3d3e2bc22d,s3://validator-history/0x7e203a779613469b0de26fafc985ab3d3e2bc22d/openhermes-mixtral-8x7b-gptq/heurist-llm-526743836105-2024-05-13T04:23:42.072Z.json,s3://validator-history/0x7e203a779613469b0de26fafc985ab3d3e2bc22d/openhermes-mixtral-8x7b-gptq/heurist-llm-652361419576-2024-05-23T13:21:04.977Z.json
0xe02e8697853c2af24710afe0a1c7088df3de0b2c,s3://validator-history/0xe02e8697853c2af24710afe0a1c7088df3de0b2c/openhermes-mixtral-8x7b-gptq/heurist-llm-783239633454-2024-05-13T04:31:22.391Z.json,
0x9d0d45fc80a79fed2415bbfea1ed0aa5a6bfaba2,s3://validator-history/0x9d0d45fc80a79fed2415bbfea1ed0aa5a6bfaba2/openhermes-mixtral-8x7b-gptq/heurist-llm-711429708157-2024-05-13T04:34:51.858Z.json,s3://validator-history/0x9d0d45fc80a79fed2415bbfea1ed0aa5a6bfaba2/openhermes-mixtral-8x7b-gptq/heurist-llm-496338217536-2024-05-23T17:41:34.113Z.json
0xc4c067d0c78458b628db12b41bca41f23fdb0ab8,s3://validator-history/0xc4c067d0c78458b628db12b41bca41f23fdb0ab8/openhermes-mixtral-8x7b-gptq/heurist-llm-153349214992-2024-05-13T04:35:46.322Z.json,
0x72bb3c021fb2b83128e46a4253c73c83e45816cd,s3://validator-history/0x72bb3c021fb2b83128e46a4253c73c83e45816cd/openhermes-mixtral-8x7b-gptq/heurist-llm-111269033650-2024-05-13T04:39:41.821Z.json,s3://validator-history/0x72bb3c021fb2b83128e46a4253c73c83e45816cd/openhermes-mixtral-8x7b-gptq/heurist-llm-783839432500-2024-05-23T16:22:34.917Z.json
0x1a5bf59792314f5852ced26e2cf4179b54927956,s3://validator-history/0x1a5bf59792314f5852ced26e2cf4179b54927956/openhermes-mixtral-8x7b-gptq/heurist-llm-557920067971-2024-05-13T04:39:29.573Z.json,
0x78c41e572e90319800511cc793a40c9e5ae862b3,s3://validator-history/0x78c41e572e90319800511cc793a40c9e5ae862b3/openhermes-mixtral-8x7b-gptq/heurist-llm-945153544078-2024-05-13T04:41:39.587Z.json,
0xa782bb5937a2cdb9a3eebf150216b8f5e98e8a3a,s3://validator-history/0xa782bb5937a2cdb9a3eebf150216b8f5e98e8a3a/openhermes-mixtral-8x7b-gptq/heurist-llm-507254395482-2024-05-13T04:43:50.571Z.json,s3://validator-history/0xa782bb5937a2cdb9a3eebf150216b8f5e98e8a3a/openhermes-mixtral-8x7b-gptq/heurist-llm-133908302932-2024-05-23T08:33:09.668Z.json
0x7248f687d3010850dbe3511b7b897152cd9ddd26,s3://validator-history/0x7248f687d3010850dbe3511b7b897152cd9ddd26/openhermes-mixtral-8x7b-gptq/heurist-llm-952129153912-2024-05-13T04:42:33.908Z.json,
0xd02b76d01f6027f96c68152c8f017a9335418cfd,s3://validator-history/0xd02b76d01f6027f96c68152c8f017a9335418cfd/openhermes-mixtral-8x7b-gptq/heurist-llm-414359856125-2024-05-13T04:45:35.170Z.json,s3://validator-history/0xd02b76d01f6027f96c68152c8f017a9335418cfd/openhermes-mixtral-8x7b-gptq/heurist-llm-846747473755-2024-05-23T18:54:26.879Z.json
0x309bc0b25b1e1dd51754ed118425fdeb3975d683,s3://validator-history/0x309bc0b25b1e1dd51754ed118425fdeb3975d683/openhermes-mixtral-8x7b-gptq/heurist-llm-998342634076-2024-05-13T04:53:43.422Z.json,
0xcaf09599dac225690872fced5cab345daa32efaf,s3://validator-history/0xcaf09599dac225690872fced5cab345daa32efaf/openhermes-mixtral-8x7b-gptq/heurist-llm-348512024442-2024-05-13T04:50:45.546Z.json,s3://validator-history/0xcaf09599dac225690872fced5cab345daa32efaf/openhermes-mixtral-8x7b-gptq/heurist-llm-627959437881-2024-05-23T18:03:53.684Z.json
0xc10e2c23c3b08132c5ba3489a38200982ba549f4,s3://validator-history/0xc10e2c23c3b08132c5ba3489a38200982ba549f4/openhermes-mixtral-8x7b-gptq/heurist-llm-517502515250-2024-05-13T04:49:46.220Z.json,
0x518d0bc3c962478b100ac1be11cb1a63c5501e71,s3://validator-history/0x518d0bc3c962478b100ac1be11cb1a63c5501e71/openhermes-mixtral-8x7b-gptq/heurist-llm-563320239700-2024-05-13T04:54:01.411Z.json,
0xa4b9db9953d43d47ebb855cc6b293618c1f94bc0,s3://validator-history/0xa4b9db9953d43d47ebb855cc6b293618c1f94bc0/openhermes-mixtral-8x7b-gptq/heurist-llm-969232270746-2024-05-13T04:55:42.735Z.json,s3://validator-history/0xa4b9db9953d43d47ebb855cc6b293618c1f94bc0/openhermes-mixtral-8x7b-gptq/heurist-llm-959367728294-2024-05-23T09:33:42.657Z.json
0xfda420697de70b6555bcf085bd9860056be9dae2,s3://validator-history/0xfda420697de70b6555bcf085bd9860056be9dae2/openhermes-mixtral-8x7b-gptq/heurist-llm-891448273729-2024-05-13T04:56:48.047Z.json,
0x6292d0945e75c107bbeea421e0db94e25bd5e8a0,s3://validator-history/0x6292d0945e75c107bbeea421e0db94e25bd5e8a0/openhermes-mixtral-8x7b-gptq/heurist-llm-712705637138-2024-05-13T04:57:36.699Z.json,s3://validator-history/0x6292d0945e75c107bbeea421e0db94e25bd5e8a0/openhermes-mixtral-8x7b-gptq/heurist-llm-262632949548-2024-05-23T18:39:29.142Z.json
0x9a36a022f0c3c1a07fe1fcb7d7e44deef82bdbcf,s3://validator-history/0x9a36a022f0c3c1a07fe1fcb7d7e44deef82bdbcf/openhermes-mixtral-8x7b-gptq/heurist-llm-452795871810-2024-05-13T04:59:31.765Z.json,s3://validator-history/0x9a36a022f0c3c1a07fe1fcb7d7e44deef82bdbcf/openhermes-mixtral-8x7b-gptq/heurist-llm-708960474757-2024-05-23T11:03:37.795Z.json
0x3ef98189825daadbab5a2baec554c8447e5f7ade,s3://validator-history/0x3ef98189825daadbab5a2baec554c8447e5f7ade/openhermes-mixtral-8x7b-gptq/heurist-llm-355112200389-2024-05-13T05:00:07.419Z.json,s3://validator-history/0x3ef98189825daadbab5a2baec554c8447e5f7ade/openhermes-mixtral-8x7b-gptq/heurist-llm-388576694262-2024-05-23T15:00:14.914Z.json
0x6cdfd42dbb740868019ce7538acc9c8c0d144df1-3a7b94,s3://validator-history/0x6cdfd42dbb740868019ce7538acc9c8c0d144df1-3a7b94/openhermes-mixtral-8x7b-gptq/heurist-llm-773793780313-2024-05-13T05:00:31.804Z.json,
0xc80ed6f512596e636a537b0e0e6a05a061deaf20,s3://validator-history/0xc80ed6f512596e636a537b0e0e6a05a061deaf20/openhermes-mixtral-8x7b-gptq/heurist-llm-777244233453-2024-05-13T05:04:14.400Z.json,s3://validator-history/0xc80ed6f512596e636a537b0e0e6a05a061deaf20/openhermes-mixtral-8x7b-gptq/heurist-llm-963670787326-2024-05-23T16:13:00.106Z.json
0xcef8cfefade8a834606d9c99b7885002b25df8e8,s3://validator-history/0xcef8cfefade8a834606d9c99b7885002b25df8e8/openhermes-mixtral-8x7b-gptq/heurist-llm-423403366936-2024-05-13T05:04:44.031Z.json,
0xb881ad99646e1c18dcf9e86d5e79c096dbc7b273,s3://validator-history/0xb881ad99646e1c18dcf9e86d5e79c096dbc7b273/openhermes-mixtral-8x7b-gptq/heurist-llm-237867890142-2024-05-13T05:05:43.397Z.json,s3://validator-history/0xb881ad99646e1c18dcf9e86d5e79c096dbc7b273/openhermes-mixtral-8x7b-gptq/heurist-llm-677883120872-2024-05-23T10:36:42.840Z.json
0x5ca482d90b2c98ceed6820dd45734f9fa06f9789,s3://validator-history/0x5ca482d90b2c98ceed6820dd45734f9fa06f9789/openhermes-mixtral-8x7b-gptq/heurist-llm-404076967459-2024-05-13T05:09:23.091Z.json,
0xffa949caa41a1daeef50a61f67fc556fbac377c7,s3://validator-history/0xffa949caa41a1daeef50a61f67fc556fbac377c7/openhermes-mixtral-8x7b-gptq/heurist-llm-264524146153-2024-05-13T05:11:34.450Z.json,s3://validator-history/0xffa949caa41a1daeef50a61f67fc556fbac377c7/openhermes-mixtral-8x7b-gptq/heurist-llm-478428154729-2024-05-23T08:23:27.402Z.json
0xd499f21be75ecbb0f002b7bc8f7501c70f1edeaf,s3://validator-history/0xd499f21be75ecbb0f002b7bc8f7501c70f1edeaf/openhermes-mixtral-8x7b-gptq/heurist-llm-210985265778-2024-05-13T05:18:26.076Z.json,s3://validator-history/0xd499f21be75ecbb0f002b7bc8f7501c70f1edeaf/openhermes-mixtral-8x7b-gptq/heurist-llm-173782598863-2024-05-23T18:18:38.126Z.json
0xc00ab87131882452444eebfe04b8852d3f9d3839,s3://validator-history/0xc00ab87131882452444eebfe04b8852d3f9d3839/openhermes-mixtral-8x7b-gptq/heurist-llm-240276941079-2024-05-13T05:20:14.232Z.json,
0xc748df30f0c5083f23082088ea5009dad3d4a158,s3://validator-history/0xc748df30f0c5083f23082088ea5009dad3d4a158/openhermes-mixtral-8x7b-gptq/heurist-llm-678894930562-2024-05-13T05:21:37.323Z.json,s3://validator-history/0xc748df30f0c5083f23082088ea5009dad3d4a158/openhermes-mixtral-8x7b-gptq/heurist-llm-401670666449-2024-05-23T08:45:39.094Z.json
0xdc6f4b5fa12ebdd54b727fac56a7f1a3502c0ac0,s3://validator-history/0xdc6f4b5fa12ebdd54b727fac56a7f1a3502c0ac0/openhermes-mixtral-8x7b-gptq/heurist-llm-909393067438-2024-05-13T05:24:31.641Z.json,
0xc70ce2ff3a50b436c30ecf11c0cebe376a2f1a8a,s3://validator-history/0xc70ce2ff3a50b436c30ecf11c0cebe376a2f1a8a/openhermes-mixtral-8x7b-gptq/heurist-llm-925202821346-2024-05-13T05:27:29.257Z.json,s3://validator-history/0xc70ce2ff3a50b436c30ecf11c0cebe376a2f1a8a/openhermes-mixtral-8x7b-gptq/heurist-llm-709410082895-2024-05-23T15:16:11.863Z.json
0x4b41a80cf6ffaa1fc457574589802a6feaaf916b-992074,s3://validator-history/0x4b41a80cf6ffaa1fc457574589802a6feaaf916b-992074/openhermes-mixtral-8x7b-gptq/heurist-llm-818070760435-2024-05-13T05:29:22.097Z.json,
0xeef0f9391f2033e96dd3cbdba2f8e23a6b08e795,s3://validator-history/0xeef0f9391f2033e96dd3cbdba2f8e23a6b08e795/openhermes-mixtral-8x7b-gptq/heurist-llm-500287160122-2024-05-13T05:34:10.768Z.json,s3://validator-history/0xeef0f9391f2033e96dd3cbdba2f8e23a6b08e795/openhermes-mixtral-8x7b-gptq/heurist-llm-457013212586-2024-05-23T09:19:36.659Z.json
0x0b6d58ea6899f68d4b6e212d5c97d16d58dfc042,s3://validator-history/0x0b6d58ea6899f68d4b6e212d5c97d16d58dfc042/openhermes-mixtral-8x7b-gptq/heurist-llm-768831864139-2024-05-13T05:33:40.499Z.json,
0x1894cf5743cc1ba1a660fec41dc3395334dc091b,s3://validator-history/0x1894cf5743cc1ba1a660fec41dc3395334dc091b/openhermes-mixtral-8x7b-gptq/heurist-llm-359630251830-2024-05-13T05:38:16.067Z.json,
0x782a3befa2d1adfdd9aee2fe0971bde71e8d8e48,s3://validator-history/0x782a3befa2d1adfdd9aee2fe0971bde71e8d8e48/openhermes-mixtral-8x7b-gptq/heurist-llm-502005001922-2024-05-13T05:35:51.894Z.json,
0xfdd45e6daaab0b98b13309a1b5d0e1fe5c3b12be,s3://validator-history/0xfdd45e6daaab0b98b13309a1b5d0e1fe5c3b12be/openhermes-mixtral-8x7b-gptq/heurist-llm-476781822005-2024-05-13T05:42:28.774Z.json,s3://validator-history/0xfdd45e6daaab0b98b13309a1b5d0e1fe5c3b12be/openhermes-mixtral-8x7b-gptq/heurist-llm-216923562171-2024-05-23T18:46:25.953Z.json
0x1bcc30e4c5531593e89af0aef1dc78f66a340a3e,s3://validator-history/0x1bcc30e4c5531593e89af0aef1dc78f66a340a3e/openhermes-mixtral-8x7b-gptq/heurist-llm-668422462773-2024-05-13T05:44:35.593Z.json,s3://validator-history/0x1bcc30e4c5531593e89af0aef1dc78f66a340a3e/openhermes-mixtral-8x7b-gptq/heurist-llm-537256143589-2024-05-23T17:50:00.437Z.json
0x7eff32df99f08ad17ef014270b8a4036c54a2636,s3://validator-history/0x7eff32df99f08ad17ef014270b8a4036c54a2636/openhermes-mixtral-8x7b-gptq/heurist-llm-869934265301-2024-05-13T05:45:06.024Z.json,s3://validator-history/0x7eff32df99f08ad17ef014270b8a4036c54a2636/openhermes-mixtral-8x7b-gptq/heurist-llm-694332814745-2024-05-23T15:28:46.128Z.json
0x2e457f69f32b451a740947469e6282992c405717,s3://validator-history/0x2e457f69f32b451a740947469e6282992c405717/openhermes-mixtral-8x7b-gptq/heurist-llm-180091968263-2024-05-13T05:49:42.133Z.json,s3://validator-history/0x2e457f69f32b451a740947469e6282992c405717/openhermes-mixtral-8x7b-gptq/heurist-llm-141038615598-2024-05-23T10:53:23.565Z.json
0x063969d2f8e8f8314fdfda859898f73a205aec87,s3://validator-history/0x063969d2f8e8f8314fdfda859898f73a205aec87/openhermes-mixtral-8x7b-gptq/heurist-llm-778564065848-2024-05-13T05:51:30.268Z.json,
0xc3cd6714ad8ebca98841779787753376e513f818,s3://validator-history/0xc3cd6714ad8ebca98841779787753376e513f818/openhermes-mixtral-8x7b-gptq/heurist-llm-513096932149-2024-05-13T05:52:19.111Z.json,s3://validator-history/0xc3cd6714ad8ebca98841779787753376e513f818/openhermes-mixtral-8x7b-gptq/heurist-llm-242647709070-2024-05-23T15:17:07.669Z.json
0x59d96a4495f8ce2778404f30a3f4634e7fa5aef5,s3://validator-history/0x59d96a4495f8ce2778404f30a3f4634e7fa5aef5/openhermes-mixtral-8x7b-gptq/heurist-llm-945546303517-2024-05-13T05:53:38.093Z.json,
0x7cf092bc7301eab3d4dbead7064b1d1983daf7d7,s3://validator-history/0x7cf092bc7301eab3d4dbead7064b1d1983daf7d7/openhermes-mixtral-8x7b-gptq/heurist-llm-782949227529-2024-05-13T05:54:33.590Z.json,
0x3ddf85878f7e38bcbd96841b28246431dd0548b4,s3://validator-history/0x3ddf85878f7e38bcbd96841b28246431dd0548b4/openhermes-mixtral-8x7b-gptq/heurist-llm-772310327816-2024-05-13T05:55:39.763Z.json,
0x6f024b7a1ad3c02a27b9bf38b143b5afc681774d,s3://validator-history/0x6f024b7a1ad3c02a27b9bf38b143b5afc681774d/openhermes-mixtral-8x7b-gptq/heurist-llm-818683105706-2024-05-13T05:57:10.286Z.json,s3://validator-history/0x6f024b7a1ad3c02a27b9bf38b143b5afc681774d/openhermes-mixtral-8x7b-gptq/heurist-llm-338046745209-2024-05-23T13:44:25.749Z.json
0x1b3b5e379a92effedec585dc1f7ee33f05be82c3,s3://validator-history/0x1b3b5e379a92effedec585dc1f7ee33f05be82c3/openhermes-mixtral-8x7b-gptq/heurist-llm-389800559237-2024-05-13T00:23:32.524Z.json,s3://validator-history/0x1b3b5e379a92effedec585dc1f7ee33f05be82c3/openhermes-mixtral-8x7b-gptq/heurist-llm-361481646127-2024-05-23T09:39:23.035Z.json
0x22bf77fdbdc8961d28408954c3d796d067a9e3ba,s3://validator-history/0x22bf77fdbdc8961d28408954c3d796d067a9e3ba/openhermes-mixtral-8x7b-gptq/heurist-llm-583104743859-2024-05-13T00:24:03.258Z.json,s3://validator-history/0x22bf77fdbdc8961d28408954c3d796d067a9e3ba/openhermes-mixtral-8x7b-gptq/heurist-llm-800591953247-2024-05-23T08:29:49.948Z.json
0x29e38b6b1db64898946b140c820a177c269138fa,s3://validator-history/0x29e38b6b1db64898946b140c820a177c269138fa/openhermes-mixtral-8x7b-gptq/heurist-llm-970958124736-2024-05-13T00:26:55.940Z.json,s3://validator-history/0x29e38b6b1db64898946b140c820a177c269138fa/openhermes-mixtral-8x7b-gptq/heurist-llm-805026810388-2024-05-23T11:33:38.029Z.json
0x6f4bb4294ffa6d4f08d8b10318b3e913d4fdce51,s3://validator-history/0x6f4bb4294ffa6d4f08d8b10318b3e913d4fdce51/openhermes-mixtral-8x7b-gptq/heurist-llm-520161494526-2024-05-13T00:28:21.925Z.json,s3://validator-history/0x6f4bb4294ffa6d4f08d8b10318b3e913d4fdce51/openhermes-mixtral-8x7b-gptq/heurist-llm-424639867713-2024-05-23T08:21:55.521Z.json
0xee710b41550c931c9fd08b483ea0075a28a1060a,s3://validator-history/0xee710b41550c931c9fd08b483ea0075a28a1060a/openhermes-mixtral-8x7b-gptq/heurist-llm-991936931527-2024-05-13T00:30:52.848Z.json,s3://validator-history/0xee710b41550c931c9fd08b483ea0075a28a1060a/openhermes-mixtral-8x7b-gptq/heurist-llm-510433401684-2024-05-23T19:15:30.672Z.json
0x3d87c6b6642c2eb170ede7916e67dbddb2b4e880,s3://validator-history/0x3d87c6b6642c2eb170ede7916e67dbddb2b4e880/openhermes-mixtral-8x7b-gptq/heurist-llm-795910327410-2024-05-13T00:31:23.279Z.json,
0x7e10e2737e5961cee13bf119a5291153d671f100,s3://validator-history/0x7e10e2737e5961cee13bf119a5291153d671f100/openhermes-mixtral-8x7b-gptq/heurist-llm-481327617240-2024-05-13T00:31:29.715Z.json,s3://validator-history/0x7e10e2737e5961cee13bf119a5291153d671f100/openhermes-mixtral-8x7b-gptq/heurist-llm-766152097909-2024-05-23T08:15:46.483Z.json
0xe4e1c4df4331744c3ae701baddbfed30054f725d,s3://validator-history/0xe4e1c4df4331744c3ae701baddbfed30054f725d/openhermes-mixtral-8x7b-gptq/heurist-llm-292006956404-2024-05-13T00:34:30.352Z.json,
0x8c1a97e7287e1a7552b2dfbd685589d595907b76,s3://validator-history/0x8c1a97e7287e1a7552b2dfbd685589d595907b76/openhermes-mixtral-8x7b-gptq/heurist-llm-419997902590-2024-05-13T00:34:59.819Z.json,
0xdf299cd09cc2ae011f9510ec0466bc500ba5a62c,s3://validator-history/0xdf299cd09cc2ae011f9510ec0466bc500ba5a62c/openhermes-mixtral-8x7b-gptq/heurist-llm-114628925012-2024-05-13T00:36:18.746Z.json,
0x6182346ba1499d5e7147894873aeedef17c2a4f9,s3://validator-history/0x6182346ba1499d5e7147894873aeedef17c2a4f9/openhermes-mixtral-8x7b-gptq/heurist-llm-243994588101-2024-05-13T00:37:36.357Z.json,s3://validator-history/0x6182346ba1499d5e7147894873aeedef17c2a4f9/openhermes-mixtral-8x7b-gptq/heurist-llm-859185822687-2024-05-23T11:29:08.976Z.json
0xceb29bc2528c9e5d857a67beebad093cb6246e76,s3://validator-history/0xceb29bc2528c9e5d857a67beebad093cb6246e76/openhermes-mixtral-8x7b-gptq/heurist-llm-932103244263-2024-05-13T00:43:48.366Z.json,s3://validator-history/0xceb29bc2528c9e5d857a67beebad093cb6246e76/openhermes-mixtral-8x7b-gptq/heurist-llm-421797301548-2024-05-23T16:35:46.971Z.json
0xc2bd77ebda59d3d992a3f527e24eda21ef7a2483,s3://validator-history/0xc2bd77ebda59d3d992a3f527e24eda21ef7a2483/openhermes-mixtral-8x7b-gptq/heurist-llm-440142469541-2024-05-13T00:44:24.870Z.json,
0xfbe7c3684fc8f2cb8077fd686fe6590dacbe5ed9,s3://validator-history/0xfbe7c3684fc8f2cb8077fd686fe6590dacbe5ed9/openhermes-mixtral-8x7b-gptq/heurist-llm-221689968330-2024-05-13T00:44:42.675Z.json,s3://validator-history/0xfbe7c3684fc8f2cb8077fd686fe6590dacbe5ed9/openhermes-mixtral-8x7b-gptq/heurist-llm-554371437930-2024-05-23T10:22:32.054Z.json
0x8486efc959007e34b540db81aedb2f63ea70258b,s3://validator-history/0x8486efc959007e34b540db81aedb2f63ea70258b/openhermes-mixtral-8x7b-gptq/heurist-llm-280002604827-2024-05-13T00:45:17.982Z.json,
0xc41164a1ecd90f6c5f786a81edb802e5de122cc6,s3://validator-history/0xc41164a1ecd90f6c5f786a81edb802e5de122cc6/openhermes-mixtral-8x7b-gptq/heurist-llm-569492408063-2024-05-13T00:52:13.963Z.json,
0x4aa20d99c4b780b3343078fc7d7320eb52ebdb5a,s3://validator-history/0x4aa20d99c4b780b3343078fc7d7320eb52ebdb5a/openhermes-mixtral-8x7b-gptq/heurist-llm-732044135733-2024-05-13T00:53:55.294Z.json,s3://validator-history/0x4aa20d99c4b780b3343078fc7d7320eb52ebdb5a/openhermes-mixtral-8x7b-gptq/heurist-llm-987206391186-2024-05-23T08:13:14.566Z.json
0x832d72b13733fd777d8f8d0f188255854c04ae8e,s3://validator-history/0x832d72b13733fd777d8f8d0f188255854c04ae8e/openhermes-mixtral-8x7b-gptq/heurist-llm-491175011881-2024-05-13T00:55:56.915Z.json,s3://validator-history/0x832d72b13733fd777d8f8d0f188255854c04ae8e/openhermes-mixtral-8x7b-gptq/heurist-llm-533828827204-2024-05-23T14:38:25.698Z.json
0x7aa02ab4c59b27f848953458848b68fae2c3373e,s3://validator-history/0x7aa02ab4c59b27f848953458848b68fae2c3373e/openhermes-mixtral-8x7b-gptq/heurist-llm-949914984150-2024-05-13T01:05:39.027Z.json,s3://validator-history/0x7aa02ab4c59b27f848953458848b68fae2c3373e/openhermes-mixtral-8x7b-gptq/heurist-llm-103468278518-2024-05-23T15:09:04.244Z.json
0xcf1575719242e2b8cd4cfe5f18de3afa1587beb0,s3://validator-history/0xcf1575719242e2b8cd4cfe5f18de3afa1587beb0/openhermes-mixtral-8x7b-gptq/heurist-llm-168266413841-2024-05-13T01:08:34.992Z.json,s3://validator-history/0xcf1575719242e2b8cd4cfe5f18de3afa1587beb0/openhermes-mixtral-8x7b-gptq/heurist-llm-258162577148-2024-05-23T12:43:40.865Z.json
0x297a860267199f759fca9d6d8e2571db54a5c95c,s3://validator-history/0x297a860267199f759fca9d6d8e2571db54a5c95c/openhermes-mixtral-8x7b-gptq/heurist-llm-715224242302-2024-05-13T01:09:52.114Z.json,s3://validator-history/0x297a860267199f759fca9d6d8e2571db54a5c95c/openhermes-mixtral-8x7b-gptq/heurist-llm-827179118717-2024-05-23T13:33:42.541Z.json
0x3e0c10287b5516c35727f5649b590b666ef0edb5,s3://validator-history/0x3e0c10287b5516c35727f5649b590b666ef0edb5/openhermes-mixtral-8x7b-gptq/heurist-llm-367558610997-2024-05-13T01:11:34.415Z.json,s3://validator-history/0x3e0c10287b5516c35727f5649b590b666ef0edb5/openhermes-mixtral-8x7b-gptq/heurist-llm-253149306546-2024-05-23T16:53:05.861Z.json
0x922b7d3da4e40d6ab431d8852aa832252cb2447b,s3://validator-history/0x922b7d3da4e40d6ab431d8852aa832252cb2447b/openhermes-mixtral-8x7b-gptq/heurist-llm-227580743559-2024-05-13T01:12:16.941Z.json,
0x14fb93723f432ffdd5c847bd4d7dbd0638a54288,s3://validator-history/0x14fb93723f432ffdd5c847bd4d7dbd0638a54288/openhermes-mixtral-8x7b-gptq/heurist-llm-509693703246-2024-05-13T01:14:22.747Z.json,s3://validator-history/0x14fb93723f432ffdd5c847bd4d7dbd0638a54288/openhermes-mixtral-8x7b-gptq/heurist-llm-743427911570-2024-05-23T08:16:34.701Z.json
0x4c72cea8d07693d4cc9f28232c5b5ace17e86d08,s3://validator-history/0x4c72cea8d07693d4cc9f28232c5b5ace17e86d08/openhermes-mixtral-8x7b-gptq/heurist-llm-528518321930-2024-05-13T01:15:52.210Z.json,s3://validator-history/0x4c72cea8d07693d4cc9f28232c5b5ace17e86d08/openhermes-mixtral-8x7b-gptq/heurist-llm-621211146115-2024-05-23T10:16:18.497Z.json
0x31c06971ca4749e9437f46d6383e486d07e1ac91,s3://validator-history/0x31c06971ca4749e9437f46d6383e486d07e1ac91/openhermes-mixtral-8x7b-gptq/heurist-llm-379934701531-2024-05-13T01:21:44.106Z.json,s3://validator-history/0x31c06971ca4749e9437f46d6383e486d07e1ac91/openhermes-mixtral-8x7b-gptq/heurist-llm-708270147697-2024-05-23T08:41:34.589Z.json
0x0490843d3fe8ff6741e9d5ad58c9e66b1b5502a8,s3://validator-history/0x0490843d3fe8ff6741e9d5ad58c9e66b1b5502a8/openhermes-mixtral-8x7b-gptq/heurist-llm-912264902206-2024-05-13T01:22:16.172Z.json,
0xfbf5c4f8af9d67694c521f1b1929de602470c459,s3://validator-history/0xfbf5c4f8af9d67694c521f1b1929de602470c459/openhermes-mixtral-8x7b-gptq/heurist-llm-545961090897-2024-05-13T01:22:52.439Z.json,
0x94e33ae3d2e14eb61cb8e296b94cbcb96179fc2e,s3://validator-history/0x94e33ae3d2e14eb61cb8e296b94cbcb96179fc2e/openhermes-mixtral-8x7b-gptq/heurist-llm-579217387788-2024-05-13T01:24:10.196Z.json,s3://validator-history/0x94e33ae3d2e14eb61cb8e296b94cbcb96179fc2e/openhermes-mixtral-8x7b-gptq/heurist-llm-406952335344-2024-05-23T11:30:58.051Z.json
0x6fa512b7a991c28c23d59c1065bfc8d959538b8c,s3://validator-history/0x6fa512b7a991c28c23d59c1065bfc8d959538b8c/openhermes-mixtral-8x7b-gptq/heurist-llm-924700308565-2024-05-13T01:26:17.398Z.json,s3://validator-history/0x6fa512b7a991c28c23d59c1065bfc8d959538b8c/openhermes-mixtral-8x7b-gptq/heurist-llm-589971159664-2024-05-23T15:59:30.330Z.json
0xc53347e9015fea97086a7f76f1780d6dbb669c4b,s3://validator-history/0xc53347e9015fea97086a7f76f1780d6dbb669c4b/openhermes-mixtral-8x7b-gptq/heurist-llm-117077733689-2024-05-13T01:28:05.202Z.json,s3://validator-history/0xc53347e9015fea97086a7f76f1780d6dbb669c4b/openhermes-mixtral-8x7b-gptq/heurist-llm-373427382473-2024-05-23T11:49:26.264Z.json
0x853dcb2795c89e4872c58403d755140458fab439,s3://validator-history/0x853dcb2795c89e4872c58403d755140458fab439/openhermes-mixtral-8x7b-gptq/heurist-llm-510109100650-2024-05-13T01:30:53.603Z.json,
0x9fb10501145078b25f75dfced7afedbca004df3d,s3://validator-history/0x9fb10501145078b25f75dfced7afedbca004df3d/openhermes-mixtral-8x7b-gptq/heurist-llm-560540684696-2024-05-13T01:32:22.971Z.json,s3://validator-history/0x9fb10501145078b25f75dfced7afedbca004df3d/openhermes-mixtral-8x7b-gptq/heurist-llm-326104621385-2024-05-23T09:44:57.529Z.json
0x303f91f8af708e9a4d7c9b219159cc5cf9973ab8,s3://validator-history/0x303f91f8af708e9a4d7c9b219159cc5cf9973ab8/openhermes-mixtral-8x7b-gptq/heurist-llm-270808953396-2024-05-13T01:33:44.829Z.json,s3://validator-history/0x303f91f8af708e9a4d7c9b219159cc5cf9973ab8/openhermes-mixtral-8x7b-gptq/heurist-llm-548948408604-2024-05-23T11:24:50.941Z.json
0x443073b174fdcbd3f58ad7f0a2399ad239dbc8cb,s3://validator-history/0x443073b174fdcbd3f58ad7f0a2399ad239dbc8cb/openhermes-mixtral-8x7b-gptq/heurist-llm-236179556168-2024-05-13T01:52:56.109Z.json,s3://validator-history/0x443073b174fdcbd3f58ad7f0a2399ad239dbc8cb/openhermes-mixtral-8x7b-gptq/heurist-llm-453806447829-2024-05-23T14:07:04.758Z.json
0x14ec10d629ce299fcfb6ccaec09aee8366b0361a,s3://validator-history/0x14ec10d629ce299fcfb6ccaec09aee8366b0361a/openhermes-mixtral-8x7b-gptq/heurist-llm-304364988726-2024-05-13T01:53:55.102Z.json,s3://validator-history/0x14ec10d629ce299fcfb6ccaec09aee8366b0361a/openhermes-mixtral-8x7b-gptq/heurist-llm-517037446785-2024-05-23T14:41:51.263Z.json
0xbdd1f984d1941b1f3f3fdac4fe684fd4def08e47,s3://validator-history/0xbdd1f984d1941b1f3f3fdac4fe684fd4def08e47/openhermes-mixtral-8x7b-gptq/heurist-llm-463261256276-2024-05-13T01:54:26.281Z.json,s3://validator-history/0xbdd1f984d1941b1f3f3fdac4fe684fd4def08e47/openhermes-mixtral-8x7b-gptq/heurist-llm-621218704468-2024-05-23T08:12:51.442Z.json
0xcb75d4f0310ff7362223d90b60603fcc29c0ac4d,s3://validator-history/0xcb75d4f0310ff7362223d90b60603fcc29c0ac4d/openhermes-mixtral-8x7b-gptq/heurist-llm-228742190347-2024-05-13T02:01:21.485Z.json,s3://validator-history/0xcb75d4f0310ff7362223d90b60603fcc29c0ac4d/openhermes-mixtral-8x7b-gptq/heurist-llm-973221049433-2024-05-23T12:01:14.653Z.json
0x8415dca64fbc443240db1b07381be68f0ed0b2ab,s3://validator-history/0x8415dca64fbc443240db1b07381be68f0ed0b2ab/openhermes-mixtral-8x7b-gptq/heurist-llm-517265550991-2024-05-13T02:02:21.395Z.json,s3://validator-history/0x8415dca64fbc443240db1b07381be68f0ed0b2ab/openhermes-mixtral-8x7b-gptq/heurist-llm-495675272424-2024-05-23T17:25:06.934Z.json
0xc2a74de3b542617f9304eb521a47f176ffa2eaff,s3://validator-history/0xc2a74de3b542617f9304eb521a47f176ffa2eaff/openhermes-mixtral-8x7b-gptq/heurist-llm-337724483678-2024-05-13T02:03:03.469Z.json,
0x4eafeee93454899a27de218e59535d300dbade24,s3://validator-history/0x4eafeee93454899a27de218e59535d300dbade24/openhermes-mixtral-8x7b-gptq/heurist-llm-548111106669-2024-05-13T02:03:57.274Z.json,s3://validator-history/0x4eafeee93454899a27de218e59535d300dbade24/openhermes-mixtral-8x7b-gptq/heurist-llm-248462324470-2024-05-23T10:32:49.317Z.json
0xc211b2dce3f099756b4e7b36a1bde4648cbf8007,s3://validator-history/0xc211b2dce3f099756b4e7b36a1bde4648cbf8007/openhermes-mixtral-8x7b-gptq/heurist-llm-811585600026-2024-05-13T02:08:48.704Z.json,s3://validator-history/0xc211b2dce3f099756b4e7b36a1bde4648cbf8007/openhermes-mixtral-8x7b-gptq/heurist-llm-119142107734-2024-05-23T10:56:33.064Z.json
0xb55ebb44ab4f01855a2ceb61d13514a2e15b5d5b,s3://validator-history/0xb55ebb44ab4f01855a2ceb61d13514a2e15b5d5b/openhermes-mixtral-8x7b-gptq/heurist-llm-401140886233-2024-05-13T02:09:05.702Z.json,s3://validator-history/0xb55ebb44ab4f01855a2ceb61d13514a2e15b5d5b/openhermes-mixtral-8x7b-gptq/heurist-llm-746139624604-2024-05-23T12:13:28.593Z.json
0x4e9131b06352a2dfb11081806e3e8621671653bb,s3://validator-history/0x4e9131b06352a2dfb11081806e3e8621671653bb/openhermes-mixtral-8x7b-gptq/heurist-llm-470143403656-2024-05-13T02:21:09.817Z.json,s3://validator-history/0x4e9131b06352a2dfb11081806e3e8621671653bb/openhermes-mixtral-8x7b-gptq/heurist-llm-346391711547-2024-05-23T18:16:02.058Z.json
0x11e048446ad41232df61dc6205639c0de02cb2fb,s3://validator-history/0x11e048446ad41232df61dc6205639c0de02cb2fb/openhermes-mixtral-8x7b-gptq/heurist-llm-876810221925-2024-05-13T02:21:40.649Z.json,s3://validator-history/0x11e048446ad41232df61dc6205639c0de02cb2fb/openhermes-mixtral-8x7b-gptq/heurist-llm-648506549220-2024-05-23T16:02:35.743Z.json
0x18119b6fa6866bba7d772c6a23c7a14090348888,s3://validator-history/0x18119b6fa6866bba7d772c6a23c7a14090348888/openhermes-mixtral-8x7b-gptq/heurist-llm-576605105729-2024-05-13T02:26:17.765Z.json,s3://validator-history/0x18119b6fa6866bba7d772c6a23c7a14090348888/openhermes-mixtral-8x7b-gptq/heurist-llm-432138766896-2024-05-23T12:33:28.723Z.json
0xb8d521b1b79631c0062d42e53c84d968661765da,s3://validator-history/0xb8d521b1b79631c0062d42e53c84d968661765da/openhermes-mixtral-8x7b-gptq/heurist-llm-415170764518-2024-05-13T02:29:15.157Z.json,
0x448a751eca9c594c3ae23347d7beae29ad15d650,s3://validator-history/0x448a751eca9c594c3ae23347d7beae29ad15d650/openhermes-mixtral-8x7b-gptq/heurist-llm-630776154562-2024-05-13T02:36:52.798Z.json,
0xb6cd173aad09880859a0d16a8a0dffab9c51d01f,s3://validator-history/0xb6cd173aad09880859a0d16a8a0dffab9c51d01f/openhermes-mixtral-8x7b-gptq/heurist-llm-790302430104-2024-05-13T02:37:28.931Z.json,s3://validator-history/0xb6cd173aad09880859a0d16a8a0dffab9c51d01f/openhermes-mixtral-8x7b-gptq/heurist-llm-609002409375-2024-05-23T13:34:38.865Z.json
0x5c50a79fe274c6953693b38f0179998a3a377616,s3://validator-history/0x5c50a79fe274c6953693b38f0179998a3a377616/openhermes-mixtral-8x7b-gptq/heurist-llm-721676455405-2024-05-13T02:43:16.757Z.json,s3://validator-history/0x5c50a79fe274c6953693b38f0179998a3a377616/openhermes-mixtral-8x7b-gptq/heurist-llm-592547322474-2024-05-23T09:09:55.335Z.json
0x25447dd18e21674d4ccdcaea56cebff6162a1ec4,s3://validator-history/0x25447dd18e21674d4ccdcaea56cebff6162a1ec4/openhermes-mixtral-8x7b-gptq/heurist-llm-924879062385-2024-05-13T02:45:04.038Z.json,s3://validator-history/0x25447dd18e21674d4ccdcaea56cebff6162a1ec4/openhermes-mixtral-8x7b-gptq/heurist-llm-584198871268-2024-05-23T10:08:32.351Z.json
0xe0eea7df0f67cba94d8f5a66e00b600f8b710f76,s3://validator-history/0xe0eea7df0f67cba94d8f5a66e00b600f8b710f76/openhermes-mixtral-8x7b-gptq/heurist-llm-395208428288-2024-05-13T02:48:59.437Z.json,
0xc6537948bbca88353b775f723cb7e0a067544955,s3://validator-history/0xc6537948bbca88353b775f723cb7e0a067544955/openhermes-mixtral-8x7b-gptq/heurist-llm-307899152660-2024-05-13T02:54:35.729Z.json,s3://validator-history/0xc6537948bbca88353b775f723cb7e0a067544955/openhermes-mixtral-8x7b-gptq/heurist-llm-776730799625-2024-05-23T08:44:19.735Z.json
0xa4fd2145e678530705394747305b284671404309,s3://validator-history/0xa4fd2145e678530705394747305b284671404309/openhermes-mixtral-8x7b-gptq/heurist-llm-951870351396-2024-05-13T02:54:59.628Z.json,
0x7926d6322465df681a3c98c94c6c786a9bc97971,s3://validator-history/0x7926d6322465df681a3c98c94c6c786a9bc97971/openhermes-mixtral-8x7b-gptq/heurist-llm-512088606120-2024-05-13T02:55:11.998Z.json,s3://validator-history/0x7926d6322465df681a3c98c94c6c786a9bc97971/openhermes-mixtral-8x7b-gptq/heurist-llm-947098513779-2024-05-23T10:47:21.602Z.json
0x4e1459f9c6dffb493655f5de4e60a6c6db41614c,s3://validator-history/0x4e1459f9c6dffb493655f5de4e60a6c6db41614c/openhermes-mixtral-8x7b-gptq/heurist-llm-340731922991-2024-05-13T02:56:59.537Z.json,
0x5bc3618864c5af48db4d30c15b989a520a9ddfb7,s3://validator-history/0x5bc3618864c5af48db4d30c15b989a520a9ddfb7/openhermes-mixtral-8x7b-gptq/heurist-llm-625612039533-2024-05-13T03:00:55.606Z.json,
0x00b711b6de98b729691e506379077dc3f7adaae1,s3://validator-history/0x00b711b6de98b729691e506379077dc3f7adaae1/openhermes-mixtral-8x7b-gptq/heurist-llm-214599035836-2024-05-13T03:01:24.954Z.json,
0x87fb21d020895cf0fd9af16421beaa4c6605c68d,s3://validator-history/0x87fb21d020895cf0fd9af16421beaa4c6605c68d/openhermes-mixtral-8x7b-gptq/heurist-llm-924748537459-2024-05-13T03:04:22.858Z.json,s3://validator-history/0x87fb21d020895cf0fd9af16421beaa4c6605c68d/openhermes-mixtral-8x7b-gptq/heurist-llm-782724548627-2024-05-23T11:19:33.163Z.json
0xa37918107f7c9790ec0f9a598df7e15d590bd96d,s3://validator-history/0xa37918107f7c9790ec0f9a598df7e15d590bd96d/openhermes-mixtral-8x7b-gptq/heurist-llm-399799402982-2024-05-13T03:07:15.882Z.json,s3://validator-history/0xa37918107f7c9790ec0f9a598df7e15d590bd96d/openhermes-mixtral-8x7b-gptq/heurist-llm-489455782000-2024-05-23T11:54:50.453Z.json
0xab67f8b162b4db587e1f06e626ee15410968d10c,s3://validator-history/0xab67f8b162b4db587e1f06e626ee15410968d10c/openhermes-mixtral-8x7b-gptq/heurist-llm-791300352967-2024-05-13T03:10:24.157Z.json,
0x28bf6d6c7b47adaf147e7f333d9c32754122d29e,s3://validator-history/0x28bf6d6c7b47adaf147e7f333d9c32754122d29e/openhermes-mixtral-8x7b-gptq/heurist-llm-634598999190-2024-05-13T03:12:12.075Z.json,s3://validator-history/0x28bf6d6c7b47adaf147e7f333d9c32754122d29e/openhermes-mixtral-8x7b-gptq/heurist-llm-946181333608-2024-05-23T08:59:48.409Z.json
0x36d58d464822c865c973ce0d47bd1744272cd197,s3://validator-history/0x36d58d464822c865c973ce0d47bd1744272cd197/openhermes-mixtral-8x7b-gptq/heurist-llm-889111821071-2024-05-13T03:19:20.056Z.json,s3://validator-history/0x36d58d464822c865c973ce0d47bd1744272cd197/openhermes-mixtral-8x7b-gptq/heurist-llm-938784001374-2024-05-23T16:14:50.032Z.json
0xbc049f090304c64290ed58d2120adc0424bcc9ed,s3://validator-history/0xbc049f090304c64290ed58d2120adc0424bcc9ed/openhermes-mixtral-8x7b-gptq/heurist-llm-644283376609-2024-05-13T03:19:43.872Z.json,
0x1a5badf0a6e497734fd377ae3e37e6c6defc7378,s3://validator-history/0x1a5badf0a6e497734fd377ae3e37e6c6defc7378/openhermes-mixtral-8x7b-gptq/heurist-llm-136348225765-2024-05-13T03:26:17.674Z.json,s3://validator-history/0x1a5badf0a6e497734fd377ae3e37e6c6defc7378/openhermes-mixtral-8x7b-gptq/heurist-llm-604414877364-2024-05-23T11:04:37.496Z.json
0xd87fe1d58c81bfafe8667418fb8bc6afc1f53720,s3://validator-history/0xd87fe1d58c81bfafe8667418fb8bc6afc1f53720/openhermes-mixtral-8x7b-gptq/heurist-llm-294178750110-2024-05-13T03:26:54.679Z.json,
0xbca86f8bfb7a9c6d5d0f5d2b47e9ba6cf99a128d,s3://validator-history/0xbca86f8bfb7a9c6d5d0f5d2b47e9ba6cf99a128d/openhermes-mixtral-8x7b-gptq/heurist-llm-712420261583-2024-05-13T03:27:18.167Z.json,s3://validator-history/0xbca86f8bfb7a9c6d5d0f5d2b47e9ba6cf99a128d/openhermes-mixtral-8x7b-gptq/heurist-llm-703283136635-2024-05-23T14:40:23.429Z.json
0x78bd91bc2a51ac0a571d2dbf9c12477ad197c9d2,s3://validator-history/0x78bd91bc2a51ac0a571d2dbf9c12477ad197c9d2/openhermes-mixtral-8x7b-gptq/heurist-llm-752425918756-2024-05-13T03:30:53.220Z.json,s3://validator-history/0x78bd91bc2a51ac0a571d2dbf9c12477ad197c9d2/openhermes-mixtral-8x7b-gptq/heurist-llm-562779346603-2024-05-23T18:27:28.125Z.json
0xd241459e3086cee2e356c21a1dd421f707718eea,s3://validator-history/0xd241459e3086cee2e356c21a1dd421f707718eea/openhermes-mixtral-8x7b-gptq/heurist-llm-663943793404-2024-05-13T03:31:29.687Z.json,s3://validator-history/0xd241459e3086cee2e356c21a1dd421f707718eea/openhermes-mixtral-8x7b-gptq/heurist-llm-294294917562-2024-05-23T12:04:46.177Z.json
0x02a150b41ca94c6b601aa1f759a41422cd949696,s3://validator-history/0x02a150b41ca94c6b601aa1f759a41422cd949696/openhermes-mixtral-8x7b-gptq/heurist-llm-261963751968-2024-05-13T03:36:47.362Z.json,s3://validator-history/0x02a150b41ca94c6b601aa1f759a41422cd949696/openhermes-mixtral-8x7b-gptq/heurist-llm-988951914175-2024-05-23T08:13:52.647Z.json
0x56b6b4cedaf6aac9907ad2b96f27a4ecbe99699e,s3://validator-history/0x56b6b4cedaf6aac9907ad2b96f27a4ecbe99699e/openhermes-mixtral-8x7b-gptq/heurist-llm-677142498515-2024-05-13T03:39:28.985Z.json,
0x5dc67a47a998be64c635961097242b9b9eb8db71,s3://validator-history/0x5dc67a47a998be64c635961097242b9b9eb8db71/openhermes-mixtral-8x7b-gptq/heurist-llm-818698402469-2024-05-13T03:39:52.852Z.json,s3://validator-history/0x5dc67a47a998be64c635961097242b9b9eb8db71/openhermes-mixtral-8x7b-gptq/heurist-llm-981415274735-2024-05-23T12:19:43.030Z.json
0xe30fd2e45ee264af36c18a4a43ccd657389ca3fc,s3://validator-history/0xe30fd2e45ee264af36c18a4a43ccd657389ca3fc/openhermes-mixtral-8x7b-gptq/heurist-llm-761242627229-2024-05-13T03:43:03.302Z.json,s3://validator-history/0xe30fd2e45ee264af36c18a4a43ccd657389ca3fc/openhermes-mixtral-8x7b-gptq/heurist-llm-123492191844-2024-05-23T17:11:20.954Z.json
0xe4cedad86223c9bf1268e60dcd6cc4688535ed4e,s3://validator-history/0xe4cedad86223c9bf1268e60dcd6cc4688535ed4e/openhermes-mixtral-8x7b-gptq/heurist-llm-423726470150-2024-05-13T03:46:25.937Z.json,s3://validator-history/0xe4cedad86223c9bf1268e60dcd6cc4688535ed4e/openhermes-mixtral-8x7b-gptq/heurist-llm-343912076337-2024-05-23T16:09:29.577Z.json
0xc12c06548876587231835bba12a3381501f97d2a,s3://validator-history/0xc12c06548876587231835bba12a3381501f97d2a/openhermes-mixtral-8x7b-gptq/heurist-llm-674653644139-2024-05-13T03:48:08.500Z.json,s3://validator-history/0xc12c06548876587231835bba12a3381501f97d2a/openhermes-mixtral-8x7b-gptq/heurist-llm-747028993190-2024-05-23T11:47:21.610Z.json
0x9fd4e6cb75d0feb27d4e949fc502446a92af0480,s3://validator-history/0x9fd4e6cb75d0feb27d4e949fc502446a92af0480/openhermes-mixtral-8x7b-gptq/heurist-llm-644164010859-2024-05-13T03:50:31.483Z.json,s3://validator-history/0x9fd4e6cb75d0feb27d4e949fc502446a92af0480/openhermes-mixtral-8x7b-gptq/heurist-llm-427931235148-2024-05-23T10:05:07.386Z.json
0x0022afa131c4290087dda71d1e53ea851736b6f2,s3://validator-history/0x0022afa131c4290087dda71d1e53ea851736b6f2/openhermes-mixtral-8x7b-gptq/heurist-llm-993878124024-2024-05-13T03:53:00.620Z.json,s3://validator-history/0x0022afa131c4290087dda71d1e53ea851736b6f2/openhermes-mixtral-8x7b-gptq/heurist-llm-334475132173-2024-05-23T09:31:06.854Z.json
0xb634f168225d931e17c1680b7d3316640c6cf4cf,s3://validator-history/0xb634f168225d931e17c1680b7d3316640c6cf4cf/openhermes-mixtral-8x7b-gptq/heurist-llm-549595439037-2024-05-13T03:54:03.791Z.json,
0xde240ee375bb4d8d6651d49f1fc02b182f7449d6,s3://validator-history/0xde240ee375bb4d8d6651d49f1fc02b182f7449d6/openhermes-mixtral-8x7b-gptq/heurist-llm-658299469336-2024-05-13T03:54:51.511Z.json,s3://validator-history/0xde240ee375bb4d8d6651d49f1fc02b182f7449d6/openhermes-mixtral-8x7b-gptq/heurist-llm-917077344253-2024-05-23T12:53:22.358Z.json
0x80c7874cc276671efa362499614b6b891b85632d,s3://validator-history/0x80c7874cc276671efa362499614b6b891b85632d/openhermes-mixtral-8x7b-gptq/heurist-llm-967178517669-2024-05-13T03:55:27.975Z.json,s3://validator-history/0x80c7874cc276671efa362499614b6b891b85632d/openhermes-mixtral-8x7b-gptq/heurist-llm-565663771012-2024-05-23T11:41:12.954Z.json
0x5b2eced27a6141de04fcdd2672f15e66c735cd0f,s3://validator-history/0x5b2eced27a6141de04fcdd2672f15e66c735cd0f/openhermes-mixtral-8x7b-gptq/heurist-llm-895470693170-2024-05-13T03:58:19.327Z.json,
0xf845f80df682a071fc133c10cb7fda4bfb9ef381,s3://validator-history/0xf845f80df682a071fc133c10cb7fda4bfb9ef381/openhermes-mixtral-8x7b-gptq/heurist-llm-811627649263-2024-05-13T04:12:34.172Z.json,s3://validator-history/0xf845f80df682a071fc133c10cb7fda4bfb9ef381/openhermes-mixtral-8x7b-gptq/heurist-llm-376348144503-2024-05-23T08:49:56.899Z.json
0x20294deeb8199f381f8131c01ed4e26a4e3e7e2b,s3://validator-history/0x20294deeb8199f381f8131c01ed4e26a4e3e7e2b/openhermes-mixtral-8x7b-gptq/heurist-llm-284495639174-2024-05-13T04:16:48.469Z.json,
0xd1d99f4d7dcf68e883dbd95f6cafc682ffe38dbe,s3://validator-history/0xd1d99f4d7dcf68e883dbd95f6cafc682ffe38dbe/openhermes-mixtral-8x7b-gptq/heurist-llm-497256566112-2024-05-13T04:21:54.484Z.json,s3://validator-history/0xd1d99f4d7dcf68e883dbd95f6cafc682ffe38dbe/openhermes-mixtral-8x7b-gptq/heurist-llm-188107749810-2024-05-23T09:15:50.744Z.json
0x212bb8a14608369e93ab7bc7073e0503f5da5620,s3://validator-history/0x212bb8a14608369e93ab7bc7073e0503f5da5620/openhermes-mixtral-8x7b-gptq/heurist-llm-849884134318-2024-05-13T04:25:21.953Z.json,s3://validator-history/0x212bb8a14608369e93ab7bc7073e0503f5da5620/openhermes-mixtral-8x7b-gptq/heurist-llm-817344235608-2024-05-23T12:40:35.249Z.json
0xd0e15b3fd2f4077abaec10e5bfaa9382a6eab8cf,s3://validator-history/0xd0e15b3fd2f4077abaec10e5bfaa9382a6eab8cf/openhermes-mixtral-8x7b-gptq/heurist-llm-506002581412-2024-05-13T04:25:33.858Z.json,
0x416f959a7edb11474cc5cf4a9ce228a0e615423a,s3://validator-history/0x416f959a7edb11474cc5cf4a9ce228a0e615423a/openhermes-mixtral-8x7b-gptq/heurist-llm-223012322833-2024-05-13T04:29:06.107Z.json,s3://validator-history/0x416f959a7edb11474cc5cf4a9ce228a0e615423a/openhermes-mixtral-8x7b-gptq/heurist-llm-345691736494-2024-05-23T14:30:49.216Z.json
0x542c3b8d41cc940d7730babef6a673874b4028d5,s3://validator-history/0x542c3b8d41cc940d7730babef6a673874b4028d5/openhermes-mixtral-8x7b-gptq/heurist-llm-541143683444-2024-05-13T04:30:58.705Z.json,s3://validator-history/0x542c3b8d41cc940d7730babef6a673874b4028d5/openhermes-mixtral-8x7b-gptq/heurist-llm-343598836443-2024-05-23T16:59:38.594Z.json
0xe025d39b393143eb18c1054c9a62b11f102ba322,s3://validator-history/0xe025d39b393143eb18c1054c9a62b11f102ba322/openhermes-mixtral-8x7b-gptq/heurist-llm-474581577294-2024-05-13T04:31:52.836Z.json,s3://validator-history/0xe025d39b393143eb18c1054c9a62b11f102ba322/openhermes-mixtral-8x7b-gptq/heurist-llm-248700541329-2024-05-23T13:12:07.104Z.json
0xe3439813ef301c5e36f3185c169f25443665e536,s3://validator-history/0xe3439813ef301c5e36f3185c169f25443665e536/openhermes-mixtral-8x7b-gptq/heurist-llm-353127006143-2024-05-13T04:36:09.304Z.json,
0x5495644f23884cb96d915e1903d53d3c992f357d,s3://validator-history/0x5495644f23884cb96d915e1903d53d3c992f357d/openhermes-mixtral-8x7b-gptq/heurist-llm-261143956121-2024-05-13T04:44:53.459Z.json,s3://validator-history/0x5495644f23884cb96d915e1903d53d3c992f357d/openhermes-mixtral-8x7b-gptq/heurist-llm-578051058197-2024-05-23T09:44:51.290Z.json
0x0d1e4bdb71278d8f5312b7e92cfae5610a0a4f5b,s3://validator-history/0x0d1e4bdb71278d8f5312b7e92cfae5610a0a4f5b/openhermes-mixtral-8x7b-gptq/heurist-llm-123612628240-2024-05-13T04:47:34.115Z.json,s3://validator-history/0x0d1e4bdb71278d8f5312b7e92cfae5610a0a4f5b/openhermes-mixtral-8x7b-gptq/heurist-llm-721010789151-2024-05-23T18:00:08.209Z.json
0xb8c5bb32c9d2ed47d529431dee786c3d0cf1d00f,s3://validator-history/0xb8c5bb32c9d2ed47d529431dee786c3d0cf1d00f/openhermes-mixtral-8x7b-gptq/heurist-llm-993708596950-2024-05-13T04:51:14.681Z.json,
0xba712ec311c23fe025030fecd68f10b16746003e,s3://validator-history/0xba712ec311c23fe025030fecd68f10b16746003e/openhermes-mixtral-8x7b-gptq/heurist-llm-572001195446-2024-05-13T04:51:51.955Z.json,
0x1e5ca85f4fd0801b82b424e88fe7b2d3f1388402,s3://validator-history/0x1e5ca85f4fd0801b82b424e88fe7b2d3f1388402/openhermes-mixtral-8x7b-gptq/heurist-llm-468451289383-2024-05-13T04:53:32.642Z.json,
0xce323ffa9e05d5c7bc7e7036c942b1b93ca803c9,s3://validator-history/0xce323ffa9e05d5c7bc7e7036c942b1b93ca803c9/openhermes-mixtral-8x7b-gptq/heurist-llm-135767645688-2024-05-13T04:53:55.676Z.json,
0x5962a6c037facbaba8b13d747f97969fb94c6067,s3://validator-history/0x5962a6c037facbaba8b13d747f97969fb94c6067/openhermes-mixtral-8x7b-gptq/heurist-llm-710932896295-2024-05-13T04:54:37.016Z.json,s3://validator-history/0x5962a6c037facbaba8b13d747f97969fb94c6067/openhermes-mixtral-8x7b-gptq/heurist-llm-232032431353-2024-05-23T18:21:52.376Z.json
0xf0c81ef8cd86ef378dc9186de07218a0c40279e6,s3://validator-history/0xf0c81ef8cd86ef378dc9186de07218a0c40279e6/openhermes-mixtral-8x7b-gptq/heurist-llm-601418918295-2024-05-13T04:55:17.884Z.json,
0x856d84c26cfd3b1d8458dd970d9875a8d91baac0,s3://validator-history/0x856d84c26cfd3b1d8458dd970d9875a8d91baac0/openhermes-mixtral-8x7b-gptq/heurist-llm-933687004672-2024-05-13T05:06:42.530Z.json,s3://validator-history/0x856d84c26cfd3b1d8458dd970d9875a8d91baac0/openhermes-mixtral-8x7b-gptq/heurist-llm-993299297342-2024-05-23T15:06:47.642Z.json
0xfd175ae62a8c48e191e7fcf88ab7c004b7c03300,s3://validator-history/0xfd175ae62a8c48e191e7fcf88ab7c004b7c03300/openhermes-mixtral-8x7b-gptq/heurist-llm-668321868040-2024-05-13T05:10:17.508Z.json,s3://validator-history/0xfd175ae62a8c48e191e7fcf88ab7c004b7c03300/openhermes-mixtral-8x7b-gptq/heurist-llm-300396075302-2024-05-23T15:01:16.107Z.json
0x639b3fa904fba42263e81d9b895baedefbb283f5,s3://validator-history/0x639b3fa904fba42263e81d9b895baedefbb283f5/openhermes-mixtral-8x7b-gptq/heurist-llm-528485482206-2024-05-13T05:12:10.662Z.json,s3://validator-history/0x639b3fa904fba42263e81d9b895baedefbb283f5/openhermes-mixtral-8x7b-gptq/heurist-llm-306847532097-2024-05-23T17:34:41.201Z.json
0x24a5f4891ea9560c9cd59ccc214d13f58f5674da,s3://validator-history/0x24a5f4891ea9560c9cd59ccc214d13f58f5674da/openhermes-mixtral-8x7b-gptq/heurist-llm-250523342203-2024-05-13T05:15:19.383Z.json,
0xac12ab3000af022f938effb4d6eccc6e9f55fb51,s3://validator-history/0xac12ab3000af022f938effb4d6eccc6e9f55fb51/openhermes-mixtral-8x7b-gptq/heurist-llm-301199451079-2024-05-13T05:15:43.522Z.json,
0xf22d58961478d08204d28ca82d0fb5ae0bf3f9d8,s3://validator-history/0xf22d58961478d08204d28ca82d0fb5ae0bf3f9d8/openhermes-mixtral-8x7b-gptq/heurist-llm-189378166995-2024-05-13T05:23:36.426Z.json,
0x16cf78c429a52f4193c118bdbb2422886d524aaa,s3://validator-history/0x16cf78c429a52f4193c118bdbb2422886d524aaa/openhermes-mixtral-8x7b-gptq/heurist-llm-182881699710-2024-05-13T05:27:29.253Z.json,
0xf247df1e2ea8dedea6a87756aa19489ce3ee2e57,s3://validator-history/0xf247df1e2ea8dedea6a87756aa19489ce3ee2e57/openhermes-mixtral-8x7b-gptq/heurist-llm-277102288911-2024-05-13T05:27:59.381Z.json,s3://validator-history/0xf247df1e2ea8dedea6a87756aa19489ce3ee2e57/openhermes-mixtral-8x7b-gptq/heurist-llm-229502131527-2024-05-23T15:55:30.366Z.json
0xf4e2160ef8662bc573ead45704e4b0ffec1ef657,s3://validator-history/0xf4e2160ef8662bc573ead45704e4b0ffec1ef657/openhermes-mixtral-8x7b-gptq/heurist-llm-188012682525-2024-05-13T05:30:46.933Z.json,s3://validator-history/0xf4e2160ef8662bc573ead45704e4b0ffec1ef657/openhermes-mixtral-8x7b-gptq/heurist-llm-750766717405-2024-05-23T09:48:55.228Z.json
0x2951c26eafca1a786702cfc7530935ebc01bb151,s3://validator-history/0x2951c26eafca1a786702cfc7530935ebc01bb151/openhermes-mixtral-8x7b-gptq/heurist-llm-143887074410-2024-05-13T05:34:28.729Z.json,s3://validator-history/0x2951c26eafca1a786702cfc7530935ebc01bb151/openhermes-mixtral-8x7b-gptq/heurist-llm-372932449756-2024-05-23T14:06:37.842Z.json
0xf4214643296e3142ae0737b209a0f0c9fa3318cc,s3://validator-history/0xf4214643296e3142ae0737b209a0f0c9fa3318cc/openhermes-mixtral-8x7b-gptq/heurist-llm-267127841114-2024-05-13T05:38:04.205Z.json,s3://validator-history/0xf4214643296e3142ae0737b209a0f0c9fa3318cc/openhermes-mixtral-8x7b-gptq/heurist-llm-134994967639-2024-05-23T13:08:47.171Z.json
0x46a4069acb1522da027a36376634fb2cfd84399b,s3://validator-history/0x46a4069acb1522da027a36376634fb2cfd84399b/openhermes-mixtral-8x7b-gptq/heurist-llm-501731289634-2024-05-13T05:38:51.708Z.json,s3://validator-history/0x46a4069acb1522da027a36376634fb2cfd84399b/openhermes-mixtral-8x7b-gptq/heurist-llm-293736095083-2024-05-23T11:17:49.525Z.json
0xa23129dac3b44563b62456170ab358e3778beeed,s3://validator-history/0xa23129dac3b44563b62456170ab358e3778beeed/openhermes-mixtral-8x7b-gptq/heurist-llm-918224993613-2024-05-13T05:42:10.509Z.json,s3://validator-history/0xa23129dac3b44563b62456170ab358e3778beeed/openhermes-mixtral-8x7b-gptq/heurist-llm-401253251693-2024-05-23T17:25:44.654Z.json
0x6e507714484be5218630b14cc3eff0e4d7d8cd99,s3://validator-history/0x6e507714484be5218630b14cc3eff0e4d7d8cd99/openhermes-mixtral-8x7b-gptq/heurist-llm-646868897337-2024-05-13T05:46:42.309Z.json,
0x36d178c4316a565ac3ff7a4e4a20069eebb50461,s3://validator-history/0x36d178c4316a565ac3ff7a4e4a20069eebb50461/openhermes-mixtral-8x7b-gptq/heurist-llm-294938698327-2024-05-13T05:47:59.551Z.json,s3://validator-history/0x36d178c4316a565ac3ff7a4e4a20069eebb50461/openhermes-mixtral-8x7b-gptq/heurist-llm-430798442477-2024-05-23T10:18:56.741Z.json
0xd4afcf9a43e3faf4ac7e656b81565182275e2e35,s3://validator-history/0xd4afcf9a43e3faf4ac7e656b81565182275e2e35/openhermes-mixtral-8x7b-gptq/heurist-llm-709075203265-2024-05-13T05:49:59.032Z.json,s3://validator-history/0xd4afcf9a43e3faf4ac7e656b81565182275e2e35/openhermes-mixtral-8x7b-gptq/heurist-llm-536623876470-2024-05-23T09:29:47.320Z.json
0xb33ac689b4308fbe73f30f964362345e4cbd4cda,s3://validator-history/0xb33ac689b4308fbe73f30f964362345e4cbd4cda/openhermes-mixtral-8x7b-gptq/heurist-llm-448729393923-2024-05-13T07:04:36.546Z.json,
0x05933840c1240cc8f3fd4ddc02e3413329dc4f3c,s3://validator-history/0x05933840c1240cc8f3fd4ddc02e3413329dc4f3c/openhermes-mixtral-8x7b-gptq/heurist-llm-643255600337-2024-05-13T07:11:33.395Z.json,s3://validator-history/0x05933840c1240cc8f3fd4ddc02e3413329dc4f3c/openhermes-mixtral-8x7b-gptq/heurist-llm-165510001232-2024-05-23T10:18:12.138Z.json
0x10a679c284c5f74c717a26e6a3fc0b2944d48f83,,s3://validator-history/0x10a679c284c5f74c717a26e6a3fc0b2944d48f83/openhermes-mixtral-8x7b-gptq/heurist-llm-613548677764-2024-05-23T08:27:16.757Z.json
0xb1591dc2fd544465c13d5973fa7580053225e352,,s3://validator-history/0xb1591dc2fd544465c13d5973fa7580053225e352/openhermes-mixtral-8x7b-gptq/heurist-llm-248268095063-2024-05-23T08:50:30.317Z.json
0x775587d615382830a11023b19bd4ef042bd0143a,,s3://validator-history/0x775587d615382830a11023b19bd4ef042bd0143a/openhermes-mixtral-8x7b-gptq/heurist-llm-622901443256-2024-05-23T10:20:29.197Z.json
0x0298eb03cf16cd6e362cd1c97cdf04c948c54402,,s3://validator-history/0x0298eb03cf16cd6e362cd1c97cdf04c948c54402/openhermes-mixtral-8x7b-gptq/heurist-llm-807641803350-2024-05-23T11:06:26.017Z.json
0x64dcbe8cbbe8eb23500cce41fdb2522e289c89f2,,s3://validator-history/0x64dcbe8cbbe8eb23500cce41fdb2522e289c89f2/openhermes-mixtral-8x7b-gptq/heurist-llm-983386278531-2024-05-23T11:28:40.842Z.json
0x185b5f2c722f253cf18a6e2324bfd4fc6ff16f61,,s3://validator-history/0x185b5f2c722f253cf18a6e2324bfd4fc6ff16f61/openhermes-mixtral-8x7b-gptq/heurist-llm-433913729834-2024-05-23T11:57:22.539Z.json
0x53bd4dfeeff62a5f82c531a076c97bbd5c614c32,,s3://validator-history/0x53bd4dfeeff62a5f82c531a076c97bbd5c614c32/openhermes-mixtral-8x7b-gptq/heurist-llm-201137576178-2024-05-23T12:07:30.835Z.json
0x9fdf262441c7ccda07b2a475a22fe3a6f858ce3f,,s3://validator-history/0x9fdf262441c7ccda07b2a475a22fe3a6f858ce3f/openhermes-mixtral-8x7b-gptq/heurist-llm-104691900002-2024-05-23T12:19:37.929Z.json
0x4c496ea116a09651778e480b2e7e5aba78514521,,s3://validator-history/0x4c496ea116a09651778e480b2e7e5aba78514521/openhermes-mixtral-8x7b-gptq/heurist-llm-403403033301-2024-05-23T13:37:04.217Z.json
0xf428d7064a20ccf335678fcd6ab7e92872ba9806-113n7,,s3://validator-history/0xf428d7064a20ccf335678fcd6ab7e92872ba9806-113n7/openhermes-mixtral-8x7b-gptq/heurist-llm-854572803498-2024-05-23T13:40:39.612Z.json
0xa9aead8193c984bca74e54e159fcaa23d0bad238,,s3://validator-history/0xa9aead8193c984bca74e54e159fcaa23d0bad238/openhermes-mixtral-8x7b-gptq/heurist-llm-547311910742-2024-05-23T13:41:55.759Z.json
0xfe56b1302bd6553315224a57a70f1ad2011e74f6,,s3://validator-history/0xfe56b1302bd6553315224a57a70f1ad2011e74f6/openhermes-mixtral-8x7b-gptq/heurist-llm-267856733223-2024-05-23T14:20:54.884Z.json
0x4b7a9280fbbf9ad4bcc772cf9106d4fc5ac626ba,,s3://validator-history/0x4b7a9280fbbf9ad4bcc772cf9106d4fc5ac626ba/openhermes-mixtral-8x7b-gptq/heurist-llm-561888887813-2024-05-23T14:43:12.429Z.json
0xa5348e791a287a4295c6c8958ee8d269e5656383,,s3://validator-history/0xa5348e791a287a4295c6c8958ee8d269e5656383/openhermes-mixtral-8x7b-gptq/heurist-llm-875102204469-2024-05-23T15:28:49.975Z.json
0x050f697d3811ceb8fece4127d90d16375d203443,,s3://validator-history/0x050f697d3811ceb8fece4127d90d16375d203443/openhermes-mixtral-8x7b-gptq/heurist-llm-276955162004-2024-05-23T15:45:48.275Z.json
0x22a11c3565a5d7f51b480564c01e9c3710058be2,,s3://validator-history/0x22a11c3565a5d7f51b480564c01e9c3710058be2/openhermes-mixtral-8x7b-gptq/heurist-llm-165554986640-2024-05-23T17:48:23.218Z.json
0xc8d0a08255c66a5a957493e61a0d5c2e2c6255a0,,s3://validator-history/0xc8d0a08255c66a5a957493e61a0d5c2e2c6255a0/openhermes-mixtral-8x7b-gptq/heurist-llm-959946507106-2024-05-23T18:05:10.729Z.json
0x6b0589cbbdc362b56f16f44a5924fedb47f9a4b9,,s3://validator-history/0x6b0589cbbdc362b56f16f44a5924fedb47f9a4b9/openhermes-mixtral-8x7b-gptq/heurist-llm-278024169687-2024-05-23T18:10:08.231Z.json
0x07c6d15fab4d1181697953ea90979b3415c78a88,,s3://validator-history/0x07c6d15fab4d1181697953ea90979b3415c78a88/openhermes-mixtral-8x7b-gptq/heurist-llm-436050869302-2024-05-23T18:14:17.427Z.json
0xb0f19c11322557d02ffb830ae2ab9f70c842b57e,,s3://validator-history/0xb0f19c11322557d02ffb830ae2ab9f70c842b57e/openhermes-mixtral-8x7b-gptq/heurist-llm-846785344092-2024-05-23T19:28:37.449Z.json
